id,z_id,lat,lng,description,created_at,direction,price,space_number,b_id,num_space,meter_type,g_pm_zone,g_subzone,g_zone,street
2353,455,42.349555,-71.072348,,2019-05-14 15:34:17.372445+00,North,0.25,"",3007,1,SINGLE-SPACE,"",0DA,DA,Stuart St.
2354,1001,42.349756,-71.078365,,2019-05-14 15:34:17.372445+00,South,0.25,"",3016,1,SINGLE-SPACE,"",0DA,DA,Boylston St.
2355,459,42.355259,-71.072482,,2019-05-14 15:34:17.372445+00,West,0.25,"",3018,1,SINGLE-SPACE,"",0DC,DC,Arlington St.
2356,461,42.354581,-71.072113,,2019-05-14 15:34:17.372445+00,West,0.25,"",3027,1,SINGLE-SPACE,"",0DC,DC,Arlington St.
2357,462,42.353868,-71.071782,,2019-05-14 15:34:17.372445+00,North,0.25,"",3032,1,SINGLE-SPACE,"",0DC,DC,Commonwealth Av.
2358,463,42.353322,-71.07399,,2019-05-14 15:34:17.372445+00,East,0.25,"",3054,1,SINGLE-SPACE,"",0DC,DC,Berkeley St.
2359,466,42.353585,-71.07412,,2019-05-14 15:34:17.372445+00,East,0.25,"",3058,1,SINGLE-SPACE,"",0DC,DC,Berkeley St.
2360,467,42.354028,-71.074198,,2019-05-14 15:34:17.372445+00,South,0.25,"",3064,1,SINGLE-SPACE,"",0DC,DC,Marlborough St.
2361,468,42.354113,-71.074372,,2019-05-14 15:34:17.372445+00,East,0.25,"",3072,1,SINGLE-SPACE,"",0DC,DC,Berkeley St.
2362,470,42.354058,-71.074509,,2019-05-14 15:34:17.372445+00,West,0.25,"",3092,1,SINGLE-SPACE,465,0DC,DC,Berkeley St.
2363,471,42.354785,-71.074673,,2019-05-14 15:34:17.372445+00,South,0.25,"",3102,1,SINGLE-SPACE,"",0DC,DC,Beacon St.
2364,476,42.353945,-71.074547,,2019-05-14 15:34:17.372445+00,South,0.25,"",3168,1,SINGLE-SPACE,"",0DC,DC,Marlborough St.
2365,477,42.359626,-71.070855,,2019-05-14 15:34:17.372445+00,West,0.25,"",3183,1,SINGLE-SPACE,"",0DD,DD,Charles St.
2366,478,42.352936,-71.067732,,2019-05-14 15:34:17.372445+00,West,0.25,"",3184,1,SINGLE-SPACE,"",0DD,DD,Charles St.
2367,480,42.355642,-71.071905,,2019-05-14 15:34:17.372445+00,West,0.25,"",3265,1,SINGLE-SPACE,"",0DD,DD,Beacon St.
2368,481,42.355862,-71.07096,,2019-05-14 15:34:17.372445+00,West,0.25,"",3270,1,SINGLE-SPACE,"",0DD,DD,Beacon St.
2369,482,42.356164,-71.069789,,2019-05-14 15:34:17.372445+00,West,0.25,"",3285,1,SINGLE-SPACE,"",0DD,DD,Beacon St.
2370,483,42.356275,-71.069542,,2019-05-14 15:34:17.372445+00,West,0.25,"",3288,1,SINGLE-SPACE,"",0DD,DD,Charles St.
2371,484,42.35708,-71.069995,,2019-05-14 15:34:17.372445+00,West,0.25,"",3301,1,SINGLE-SPACE,"",0DD,DD,Charles St.
2372,486,42.358867,-71.070806,,2019-05-14 15:34:17.372445+00,West,0.25,"",3327,1,SINGLE-SPACE,"",0DD,DD,Charles St.
2373,487,42.359687,-71.070866,,2019-05-14 15:34:17.372445+00,West,0.25,"",3337,1,SINGLE-SPACE,"",0DD,DD,Charles St.
2374,488,42.360664,-71.070764,,2019-05-14 15:34:17.372445+00,East,0.25,"",3351,1,SINGLE-SPACE,"",0DD,DD,Charles St.
2375,489,42.36023,-71.070726,,2019-05-14 15:34:17.372445+00,East,0.26,"",3355,1,SINGLE-SPACE,"",0DD,DD,Charles St.
2376,490,42.359275,-71.07068,,2019-05-14 15:34:17.372445+00,East,0.25,"",3366,1,SINGLE-SPACE,"",0DD,DD,Charles St.
2377,493,42.358695,-71.070646,,2019-05-14 15:34:17.372445+00,South,0.25,"",3373,1,SINGLE-SPACE,"",0DD,DD,Charles St.
2378,494,42.358365,-71.070535,,2019-05-14 15:34:17.372445+00,East,0.25,"",3378,1,SINGLE-SPACE,"",0DD,DD,Charles St.
2379,496,42.357985,-71.07033,,2019-05-14 15:34:17.372445+00,East,0.25,"",3385,1,SINGLE-SPACE,"",0DD,DD,Charles St.
2380,497,42.357736,-71.070207,,2019-05-14 15:34:17.372445+00,East,0.25,"",3388,1,SINGLE-SPACE,"",0DD,DD,Charles St.
2381,498,42.35681,-71.069712,,2019-05-14 15:34:17.372445+00,East,0.25,"",3399,1,SINGLE-SPACE,"",0DD,DD,Charles St.
2382,499,42.356302,-71.069433,,2019-05-14 15:34:17.372445+00,East,0.25,"",3407,1,SINGLE-SPACE,"",0DD,DD,Charles St.
2383,500,42.356323,-71.069105,,2019-05-14 15:34:17.372445+00,East,0.25,"",3408,1,SINGLE-SPACE,"",0DD,DD,Beacon St.
2384,502,42.357078,-71.065718,,2019-05-14 15:34:17.372445+00,East,0.25,"",3445,1,SINGLE-SPACE,"",0DD,DD,Beacon St.
2385,503,42.357388,-71.062824,,2019-05-14 15:34:17.372445+00,North,0.25,"",3451,1,SINGLE-SPACE,503,"","",Park St.
2386,504,42.357279,-71.062703,,2019-05-14 15:34:17.372445+00,North,0.25,"",3453,1,SINGLE-SPACE,504,"","",Park St.
2387,505,42.352597,-71.071103,,2019-05-14 15:34:17.372445+00,West,0.25,"",3470,1,SINGLE-SPACE,"",0DE,DE,Arlington St.
2388,506,42.352145,-71.073415,,2019-05-14 15:34:17.372445+00,East,0.25,"",3474,1,SINGLE-SPACE,"",0DE,DE,Berkeley St.
2389,507,42.352784,-71.073898,,2019-05-14 15:34:17.372445+00,West,0.25,"",3484,1,SINGLE-SPACE,"",0DE,DE,Berkeley St.
2390,508,42.351565,-71.075563,,2019-05-14 15:34:17.372445+00,East,0.25,"",3495,1,SINGLE-SPACE,"",0DE,DE,Clarendon St.
2391,509,42.352198,-71.076025,,2019-05-14 15:34:17.372445+00,West,0.25,"",3504,1,SINGLE-SPACE,"",0DE,DE,Clarendon St.
2392,510,42.350959,-71.077685,,2019-05-14 15:34:17.372445+00,East,0.25,"",3515,1,SINGLE-SPACE,"",0DE,DE,Dartmouth St.
2393,511,42.351624,-71.078168,,2019-05-14 15:34:17.372445+00,West,0.25,"",3521,1,SINGLE-SPACE,"",0DE,DE,Dartmouth St.
2394,512,42.349749,-71.082141,,2019-05-14 15:34:17.372445+00,East,0.25,"",3531,1,SINGLE-SPACE,512,0DE,DE,Fairfield St.
2395,514,42.350008,-71.082418,,2019-05-14 15:34:17.372445+00,West,0.25,"",3537,1,SINGLE-SPACE,"",0DE,DE,Fairfield St.
2396,515,42.349226,-71.084098,,2019-05-14 15:34:17.372445+00,East,0.25,"",3540,1,SINGLE-SPACE,"",0DE,DE,Gloucester St.
2397,517,42.34879,-71.085728,,2019-05-14 15:34:17.372445+00,West,0.25,"",3549,1,SINGLE-SPACE,"",0DE,DE,Hereford St.
2398,518,42.349582,-71.086203,,2019-05-14 15:34:17.372445+00,North,0.25,"",3560,1,SINGLE-SPACE,"",0DE,DE,Commonwealth Av.
2399,521,42.353416,-71.076447,,2019-05-14 15:34:17.372445+00,East,0.25,"",3582,1,SINGLE-SPACE,"",0DF,DF,Clarendon St.
2400,522,42.352667,-71.076255,,2019-05-14 15:34:17.372445+00,West,0.25,"",3593,1,SINGLE-SPACE,"",0DF,DF,Clarendon St.
2401,523,42.35346,-71.076679,,2019-05-14 15:34:17.372445+00,West,0.25,"",3604,1,SINGLE-SPACE,"",0DF,DF,Clarendon St.
2402,524,42.352132,-71.078263,,2019-05-14 15:34:17.372445+00,East,0.25,"",3616,1,SINGLE-SPACE,"",0DF,DF,Dartmouth St.
2403,525,42.352933,-71.078662,,2019-05-14 15:34:17.372445+00,East,0.25,"",3624,1,SINGLE-SPACE,"",0DF,DF,Dartmouth St.
2404,526,42.353577,-71.079123,,2019-05-14 15:34:17.372445+00,West,0.25,"",3633,1,SINGLE-SPACE,"",0DF,DF,Dartmouth St.
2405,527,42.352788,-71.078749,,2019-05-14 15:34:17.372445+00,West,0.25,"",3643,1,SINGLE-SPACE,"",0DF,DF,Dartmouth St.
2406,528,42.353647,-71.079327,,2019-05-14 15:34:17.372445+00,North,0.25,"",3653,1,SINGLE-SPACE,"",0DF,DF,Beacon St.
2407,529,42.353003,-71.081185,,2019-05-14 15:34:17.372445+00,East,0.25,"",3677,1,SINGLE-SPACE,"",0DF,DF,Exeter St.
2408,530,42.352234,-71.080768,,2019-05-14 15:34:17.372445+00,East,0.25,"",3688,1,SINGLE-SPACE,"",0DF,DF,Exeter St.
2409,531,42.351513,-71.080553,,2019-05-14 15:34:17.372445+00,West,0.25,"",3700,1,SINGLE-SPACE,"",0DF,DF,Exeter St.
2410,532,42.352312,-71.080954,,2019-05-14 15:34:17.372445+00,West,0.25,"",3712,1,SINGLE-SPACE,"",0DF,DF,Exeter St.
2411,533,42.351053,-71.082764,,2019-05-14 15:34:17.372445+00,East,0.25,"",3724,1,SINGLE-SPACE,"",0DF,DF,Fairfield St.
2412,534,42.351731,-71.083109,,2019-05-14 15:34:17.372445+00,East,0.25,"",3733,1,SINGLE-SPACE,"",0DF,DF,Fairfield St.
2413,535,42.352374,-71.083571,,2019-05-14 15:34:17.372445+00,West,0.25,"",3743,1,SINGLE-SPACE,"",0DF,DF,Fairfield St.
2414,536,42.351521,-71.083166,,2019-05-14 15:34:17.372445+00,West,0.25,"",3751,1,SINGLE-SPACE,"",0DF,DF,Fairfield St.
2415,537,42.35188,-71.085414,,2019-05-14 15:34:17.372445+00,East,0.25,"",3762,1,SINGLE-SPACE,"",0DF,DF,Gloucester St.
2416,538,42.351092,-71.085009,,2019-05-14 15:34:17.372445+00,East,0.25,"",3772,1,SINGLE-SPACE,"",0DF,DF,Gloucester St.
2417,539,42.350367,-71.084786,,2019-05-14 15:34:17.372445+00,West,0.25,"",3783,1,SINGLE-SPACE,"",0DF,DF,Gloucester St.
2418,540,42.351095,-71.085431,,2019-05-14 15:34:17.372445+00,North,0.25,"",3793,1,SINGLE-SPACE,"",0DF,DF,Marlborough St.
2419,541,42.351151,-71.085184,,2019-05-14 15:34:17.372445+00,West,0.25,"",3799,1,SINGLE-SPACE,"",0DF,DF,Gloucester St.
2420,543,42.350356,-71.084801,,2019-05-14 15:34:17.372445+00,North,0.25,"",3809,1,SINGLE-SPACE,"",0DF,DF,Commonwealth Av.
2421,544,42.351951,-71.085607,,2019-05-14 15:34:17.372445+00,North,0.25,"",3826,1,SINGLE-SPACE,"",0DF,DF,Beacon St.
2422,545,42.349994,-71.0862,,2019-05-14 15:34:17.372445+00,East,0.25,"",3844,1,SINGLE-SPACE,"",0EC,EC,Hereford St.
2423,546,42.350807,-71.08659,,2019-05-14 15:34:17.372445+00,East,0.25,"",3854,1,SINGLE-SPACE,"",0EC,EC,Hereford St.
2424,548,42.35112,-71.088169,,2019-05-14 15:34:17.372445+00,South,0.25,"",3888,1,SINGLE-SPACE,"",0EC,EC,Beacon St.
2425,549,42.350753,-71.089675,,2019-05-14 15:34:17.372445+00,East,0.25,"",3892,1,SINGLE-SPACE,"",0EC,EC,Beacon St.
2426,550,42.350584,-71.090287,,2019-05-14 15:34:17.372445+00,East,0.25,"",3901,1,SINGLE-SPACE,"",0EC,EC,Beacon St.
2427,551,42.350491,-71.090627,,2019-05-14 15:34:17.372445+00,East,0.25,"",3906,1,SINGLE-SPACE,"",0EC,EC,Beacon St.
2428,552,42.350724,-71.089522,,2019-05-14 15:34:17.372445+00,West,0.25,"",3941,1,SINGLE-SPACE,"",0EC,EC,Massachusetts Av.
2429,554,42.349319,-71.089053,,2019-05-14 15:34:17.372445+00,North,0.25,"",3952,1,SINGLE-SPACE,"",0EC,EC,Commonwealth Av.
2430,555,42.348778,-71.091374,,2019-05-14 15:34:17.372445+00,South,0.25,"",3971,1,SINGLE-SPACE,"",0EC,EC,Commonwealth Av.
2431,556,42.348336,-71.088302,,2019-05-14 15:34:17.372445+00,West,0.25,"",3998,1,SINGLE-SPACE,"",0EC,EC,Massachusetts Av.
2432,302,42.347824,-71.065645,,2019-05-14 15:34:17.372445+00,East,0.25,"",2003,1,SINGLE-SPACE,"",0CC,CC,Shawmut Av.
2433,303,42.34875,-71.06544,,2019-05-14 15:34:17.372445+00,East,0.25,"",2015,1,SINGLE-SPACE,"",0CC,CC,Tremont St.
2434,304,42.351199,-71.065499,,2019-05-14 15:34:17.372445+00,North,0.25,"",2036,1,SINGLE-SPACE,"",0CC,CC,Stuart St.
2435,306,42.352167,-71.06748,,2019-05-14 15:34:17.372445+00,West,0.25,"",2040,1,SINGLE-SPACE,"",0CC,CC,Charles St South.
2436,307,42.351711,-71.067877,,2019-05-14 15:34:17.372445+00,South,0.25,"",2045,1,SINGLE-SPACE,"",0CC,CC,Park Plaza.
2437,308,42.351721,-71.068433,,2019-05-14 15:34:17.372445+00,North,0.25,"",2050,1,SINGLE-SPACE,"",0CC,CC,Park Plaza.
2438,309,42.351549,-71.069489,,2019-05-14 15:34:17.372445+00,North,0.25,"",2057,1,SINGLE-SPACE,"",0CC,CC,Park Plaza.
2439,310,42.352009,-71.069799,,2019-05-14 15:34:17.372445+00,South,0.25,"",2060,1,SINGLE-SPACE,"",0CC,CC,Boylston St.
2440,311,42.352285,-71.068424,,2019-05-14 15:34:17.372445+00,South,0.25,"",2064,1,SINGLE-SPACE,"",0CC,CC,Boylston St.
2441,312,42.351294,-71.068425,,2019-05-14 15:34:17.372445+00,South,0.25,"",2068,1,SINGLE-SPACE,"",0CC,CC,Columbus Av.
2442,313,42.350995,-71.068734,,2019-05-14 15:34:17.372445+00,East,0.25,"",2070,1,SINGLE-SPACE,"",0CC,CC,Church St.
2443,314,42.350689,-71.06866,,2019-05-14 15:34:17.372445+00,East,0.25,"",2074,1,SINGLE-SPACE,"",0CC,CC,Church St.
2444,318,42.350392,-71.068827,,2019-05-14 15:34:17.372445+00,South,0.25,"",2076,1,SINGLE-SPACE,"",0CC,CC,Stuart St.
2445,321,42.348675,-71.069474,,2019-05-14 15:34:17.372445+00,West,0.25,"",2081,1,SINGLE-SPACE,"",0CC,CC,Arlington St.
2446,322,42.349816,-71.069698,,2019-05-14 15:34:17.372445+00,East,0.25,"",2085,1,SINGLE-SPACE,"",0CC,CC,Arlington St.
2447,323,42.34633,-71.070565,,2019-05-14 15:34:17.372445+00,East,0.25,"",2088,1,SINGLE-SPACE,"",0CD,CD,Berkeley St.
2448,324,42.346741,-71.070754,,2019-05-14 15:34:17.372445+00,East,0.25,"",2095,1,SINGLE-SPACE,"",0CD,CD,Berkeley St.
2449,325,42.346295,-71.070705,,2019-05-14 15:34:17.372445+00,West,0.25,"",2113,1,SINGLE-SPACE,"",0CD,CD,Berkeley St.
2450,326,42.346505,-71.071046,,2019-05-14 15:34:17.372445+00,West,0.25,"",2117,1,SINGLE-SPACE,"",0CD,CD,Berkeley St.
2451,327,42.347403,-71.071246,,2019-05-14 15:34:17.372445+00,West,0.25,"",2118,1,SINGLE-SPACE,"",0CD,CD,Berkeley St.
2452,328,42.348948,-71.071307,,2019-05-14 15:34:17.372445+00,South,0.25,"",2136,1,SINGLE-SPACE,"",0CD,CD,Columbus Av.
2453,329,42.349116,-71.071104,,2019-05-14 15:34:17.372445+00,South,0.25,"",2138,1,SINGLE-SPACE,"",0CD,CD,Columbus Av.
2454,330,42.349903,-71.070361,,2019-05-14 15:34:17.372445+00,North,0.25,"",2146,1,SINGLE-SPACE,"",0CD,CD,Columbus Av.
2455,331,42.349595,-71.070733,,2019-05-14 15:34:17.372445+00,North,0.25,"",2149,1,SINGLE-SPACE,"",0CD,CD,Columbus Av.
2456,332,42.348814,-71.071788,,2019-05-14 15:34:17.372445+00,East,0.25,"",2159,1,SINGLE-SPACE,"",0CD,CD,Berkeley St.
2457,334,42.348906,-71.072001,,2019-05-14 15:34:17.372445+00,West,0.25,"",2167,1,SINGLE-SPACE,"",0CD,CD,Berkeley St.
2458,335,42.348628,-71.071982,,2019-05-14 15:34:17.372445+00,North,0.25,"",2171,1,SINGLE-SPACE,"",0CD,CD,Columbus Av.
2459,336,42.348247,-71.072446,,2019-05-14 15:34:17.372445+00,North,0.25,"",2178,1,SINGLE-SPACE,"",0CD,CD,Columbus Av.
2460,337,42.347952,-71.072804,,2019-05-14 15:34:17.372445+00,North,0.25,"",2182,1,SINGLE-SPACE,"",0CD,CD,Columbus Av.
2461,338,42.347147,-71.073827,,2019-05-14 15:34:17.372445+00,North,0.25,"",2194,1,SINGLE-SPACE,"",0CD,CD,Columbus Av.
2462,340,42.346034,-71.074858,,2019-05-14 15:34:17.372445+00,South,0.25,"",2209,1,SINGLE-SPACE,"",0CD,CD,Columbus Av.
2463,341,42.347277,-71.073307,,2019-05-14 15:34:17.372445+00,South,0.25,"",2228,1,SINGLE-SPACE,"",0CD,CD,Columbus Av.
2464,342,42.346055,-71.075255,,2019-05-14 15:34:17.372445+00,East,0.25,"",2253,1,SINGLE-SPACE,"",0CD,CD,Dartmouth St.
2465,343,42.346663,-71.075564,,2019-05-14 15:34:17.372445+00,East,0.25,"",2259,1,SINGLE-SPACE,"",0CD,CD,Dartmouth St.
2466,344,42.347877,-71.076423,,2019-05-14 15:34:17.372445+00,West,0.25,"",2268,1,SINGLE-SPACE,"",0CD,CD,Dartmouth St.
2467,346,42.334271,-71.079638,,2019-05-14 15:34:17.372445+00,East,0.25,"",2278,1,SINGLE-SPACE,"",0CE,CE,Washington St.
2468,348,42.33465,-71.079195,,2019-05-14 15:34:17.372445+00,East,0.25,"",2280,1,SINGLE-SPACE,"",0CE,CE,Washington St.
2469,349,42.336019,-71.07748,,2019-05-14 15:34:17.372445+00,East,0.25,"",2286,1,SINGLE-SPACE,"",0CE,CE,Washington St.
2470,350,42.336562,-71.076753,,2019-05-14 15:34:17.372445+00,East,0.25,"",2289,1,SINGLE-SPACE,"",0CE,CE,Washington St.
2471,351,42.336974,-71.076167,,2019-05-14 15:34:17.372445+00,East,0.25,"",2294,1,SINGLE-SPACE,"",0CE,CE,Washington St.
2472,352,42.337075,-71.076034,,2019-05-14 15:34:17.372445+00,East,0.25,"",2296,1,SINGLE-SPACE,"",0CE,CE,Washington St.
2473,353,42.337545,-71.075352,,2019-05-14 15:34:17.372445+00,East,0.25,"",2303,1,SINGLE-SPACE,"",0CE,CE,Washington St.
2474,354,42.337961,-71.074821,,2019-05-14 15:34:17.372445+00,West,0.25,"",2308,1,SINGLE-SPACE,"",0CE,CE,Washington St.
2475,356,42.339694,-71.072269,,2019-05-14 15:34:17.372445+00,East,0.25,"",2323,1,SINGLE-SPACE,"",0CE,CE,Washington St.
2476,357,42.340093,-71.071662,,2019-05-14 15:34:17.372445+00,East,0.25,"",2328,1,SINGLE-SPACE,"",0CE,CE,Washington St.
2477,358,42.34057,-71.070927,,2019-05-14 15:34:17.372445+00,East,0.25,"",2334,1,SINGLE-SPACE,"",0CE,CE,Washington St.
2478,359,42.341568,-71.068881,,2019-05-14 15:34:17.372445+00,East,0.25,"",2337,1,SINGLE-SPACE,"",0CE,CE,Washington St.
2479,360,42.341652,-71.068652,,2019-05-14 15:34:17.372445+00,East,0.25,"",2339,1,SINGLE-SPACE,"",0CE,CE,Washington St.
2480,361,42.34188,-71.068189,,2019-05-14 15:34:17.372445+00,East,0.25,"",2344,1,SINGLE-SPACE,"",0CE,CE,Washington St.
2481,362,42.342163,-71.067802,,2019-05-14 15:34:17.372445+00,East,0.25,"",2349,1,SINGLE-SPACE,"",0CE,CE,Washington St.
2482,363,42.342403,-71.067478,,2019-05-14 15:34:17.372445+00,East,0.25,"",2355,1,SINGLE-SPACE,"",0CE,CE,Washington St.
2483,365,42.34294,-71.066795,,2019-05-14 15:34:17.372445+00,East,0.25,"",2364,1,SINGLE-SPACE,"",0CE,CE,Washington St.
2484,366,42.342063,-71.067369,,2019-05-14 15:34:17.372445+00,West,0.25,"",2382,1,SINGLE-SPACE,"",0CE,CE,Washington St.
2485,367,42.341989,-71.068292,,2019-05-14 15:34:17.372445+00,West,0.25,"",2387,1,SINGLE-SPACE,"",0CE,CE,Washington St.
2486,368,42.341636,-71.069014,,2019-05-14 15:34:17.372445+00,West,0.25,"",2392,1,SINGLE-SPACE,"",0CE,CE,Washington St.
2487,369,42.341342,-71.069747,,2019-05-14 15:34:17.372445+00,West,0.25,"",2396,1,SINGLE-SPACE,"",0CE,CE,Washington St.
2488,371,42.341143,-71.070242,,2019-05-14 15:34:17.372445+00,West,0.25,"",2402,1,SINGLE-SPACE,"",0CE,CE,Washington St.
2489,374,42.339811,-71.072307,,2019-05-14 15:34:17.372445+00,West,0.25,"",2420,1,SINGLE-SPACE,"",0CE,CE,Washington St.
2490,375,42.338661,-71.074031,,2019-05-14 15:34:17.372445+00,West,0.25,"",2422,1,SINGLE-SPACE,"",0CE,CE,Washington St.
2491,376,42.338274,-71.074576,,2019-05-14 15:34:17.372445+00,West,0.25,"",2428,1,SINGLE-SPACE,"",0CE,CE,Washington St.
2492,377,42.338219,-71.074653,,2019-05-14 15:34:17.372445+00,West,0.25,"",2429,1,SINGLE-SPACE,"",0CE,CE,Washington St.
2493,378,42.337779,-71.075309,,2019-05-14 15:34:17.372445+00,West,0.25,"",2436,1,SINGLE-SPACE,"",0CE,CE,Washington St.
2494,379,42.336963,-71.076439,,2019-05-14 15:34:17.372445+00,West,0.25,"",2441,1,SINGLE-SPACE,"",0CE,CE,Washington St.
2495,380,42.336238,-71.077428,,2019-05-14 15:34:17.372445+00,West,0.25,"",2448,1,SINGLE-SPACE,"",0CE,CE,Washington St.
2496,991,42.341009,-71.070995,,2019-05-14 15:34:17.372445+00,East,0.25,"",2451,1,SINGLE-SPACE,"",0CE,CE,Pelham St.
2497,384,42.343503,-71.064602,,2019-05-14 15:34:17.372445+00,South,0.25,"",2454,1,SINGLE-SPACE,"",0CF,CF,East Berkeley St.
2498,386,42.344314,-71.065685,,2019-05-14 15:34:17.372445+00,South,0.25,"",2470,1,SINGLE-SPACE,"",0CF,CF,Washington St.
2499,388,42.347347,-71.064652,,2019-05-14 15:34:17.372445+00,South,0.25,"",2478,1,SINGLE-SPACE,"",0CF,CF,Marginal Rd.
2500,391,42.347709,-71.065925,,2019-05-14 15:34:17.372445+00,South,0.25,"",2492,1,SINGLE-SPACE,"",0CF,CF,Marginal Rd.
2501,392,42.347953,-71.067215,,2019-05-14 15:34:17.372445+00,South,0.25,"",2519,1,SINGLE-SPACE,"",0CF,CF,Marginal Rd.
2502,394,42.343948,-71.066158,,2019-05-14 15:34:17.372445+00,South,0.25,"",2536,1,SINGLE-SPACE,"",0CF,CF,East Berkeley St.
2503,396,42.343656,-71.064764,,2019-05-14 15:34:17.372445+00,North,0.25,"",2544,1,SINGLE-SPACE,"",0CF,CF,East Berkeley St.
2504,397,42.344564,-71.064395,,2019-05-14 15:34:17.372445+00,South,0.25,"",2551,1,SINGLE-SPACE,"",0CF,CF,Traveler St.
2505,961,42.343888,-71.064354,,2019-05-14 15:34:17.372445+00,West,0.25,"",2561,1,SINGLE-SPACE,"",0CF,CF,Harrison Av.
2506,962,42.343516,-71.064139,,2019-05-14 15:34:17.372445+00,East,0.25,"",2567,1,SINGLE-SPACE,"",0CF,CF,Harrison Av.
2507,986,42.344591,-71.063726,,2019-05-14 15:34:17.372445+00,East,0.25,"",2573,1,SINGLE-SPACE,"",0CF,CG,Harrison Av.
2508,963,42.34501,-71.063557,,2019-05-14 15:34:17.372445+00,East,0.25,"",2577,1,SINGLE-SPACE,"",0CF,CF,Harrison Av.
2509,987,42.345777,-71.063573,,2019-05-14 15:34:17.372445+00,West,0.25,"",2602,1,SINGLE-SPACE,"",0CF,CF,Harrison Av.
2510,398,42.347465,-71.068724,,2019-05-14 15:34:17.372445+00,West,0.25,"",2604,1,SINGLE-SPACE,"",0CG,CG,Tremont St.
2511,399,42.346387,-71.069315,,2019-05-14 15:34:17.372445+00,West,0.25,"",2610,1,SINGLE-SPACE,"",0CG,CG,Tremont St.
2512,401,42.343847,-71.071976,,2019-05-14 15:34:17.372445+00,West,0.25,"",2645,1,SINGLE-SPACE,"",0CG,CG,Tremont St.
2513,402,42.343611,-71.072466,,2019-05-14 15:34:17.372445+00,West,0.25,"",2648,1,SINGLE-SPACE,"",0CG,CG,Tremont St.
2514,403,42.342845,-71.073859,,2019-05-14 15:34:17.372445+00,West,0.25,"",2660,1,SINGLE-SPACE,"",0CG,CG,Tremont St.
2515,404,42.342374,-71.074746,,2019-05-14 15:34:17.372445+00,West,0.25,"",2669,1,SINGLE-SPACE,"",0CG,CG,Tremont St.
2516,405,42.341971,-71.075467,,2019-05-14 15:34:17.372445+00,West,0.25,"",2674,1,SINGLE-SPACE,"",0CG,CG,Tremont St.
2517,406,42.341603,-71.076138,,2019-05-14 15:34:17.372445+00,West,0.25,"",2677,1,SINGLE-SPACE,"",0CG,CG,Tremont St.
2518,407,42.340155,-71.079015,,2019-05-14 15:34:17.372445+00,West,0.25,"",2681,1,SINGLE-SPACE,"",0CG,CG,Tremont St.
2519,408,42.339628,-71.079962,,2019-05-14 15:34:17.372445+00,West,0.25,"",2689,1,SINGLE-SPACE,"",0CG,CG,Tremont St.
2520,409,42.339399,-71.079969,,2019-05-14 15:34:17.372445+00,West,0.25,"",2693,1,SINGLE-SPACE,"",0CG,CG,Tremont St.
2521,411,42.339704,-71.079353,,2019-05-14 15:34:17.372445+00,East,0.25,"",2698,1,SINGLE-SPACE,"",0CG,CG,Tremont St.
2522,412,42.341336,-71.076403,,2019-05-14 15:34:17.372445+00,East,0.25,"",2706,1,SINGLE-SPACE,"",0CG,CG,Tremont St.
2523,414,42.341983,-71.075173,,2019-05-14 15:34:17.372445+00,East,0.25,"",2715,1,SINGLE-SPACE,"",0CG,CG,Tremont St.
2524,416,42.342435,-71.07436,,2019-05-14 15:34:17.372445+00,East,0.25,"",2723,1,SINGLE-SPACE,"",0CG,CG,Tremont St.
2525,418,42.342823,-71.073613,,2019-05-14 15:34:17.372445+00,East,0.25,"",2728,1,SINGLE-SPACE,"",0CG,CG,Tremont St.
2526,419,42.34314,-71.073012,,2019-05-14 15:34:17.372445+00,East,0.25,"",2734,1,SINGLE-SPACE,"",0CG,CG,Tremont St.
2527,420,42.343413,-71.072556,,2019-05-14 15:34:17.372445+00,East,0.25,"",2739,1,SINGLE-SPACE,"",0CG,CG,Tremont St.
2528,422,42.343961,-71.07143,,2019-05-14 15:34:17.372445+00,East,0.25,"",2743,1,SINGLE-SPACE,"",0CG,CG,Tremont St.
2529,423,42.34429,-71.070873,,2019-05-14 15:34:17.372445+00,East,0.25,"",2747,1,SINGLE-SPACE,"",0CG,CG,Tremont St.
2530,424,42.344545,-71.070487,,2019-05-14 15:34:17.372445+00,East,0.25,"",2751,1,SINGLE-SPACE,"",0CG,CG,Tremont St.
2531,425,42.34493,-71.070081,,2019-05-14 15:34:17.372445+00,East,0.25,"",2755,1,SINGLE-SPACE,"",0CG,CG,Tremont St.
2532,426,42.345527,-71.069625,,2019-05-14 15:34:17.372445+00,East,0.25,"",2757,1,SINGLE-SPACE,"",0CG,CG,Tremont St.
2533,429,42.349069,-71.077505,,2019-05-14 15:34:17.372445+00,North,0.25,"",2777,1,SINGLE-SPACE,"",0DA,DA,Huntington Av.
2534,430,42.34805,-71.078729,,2019-05-14 15:34:17.372445+00,East,0.25,"",2791,1,SINGLE-SPACE,20,0DA,DA,Exeter St.
2535,431,42.348153,-71.078918,,2019-05-14 15:34:17.372445+00,West,0.25,"",2794,1,SINGLE-SPACE,"",0DA,DA,Exeter St.
2536,432,42.348775,-71.079023,,2019-05-14 15:34:17.372445+00,North,0.25,"",2800,1,SINGLE-SPACE,"",0DA,DA,Blagden St.
2537,433,42.349022,-71.077675,,2019-05-14 15:34:17.372445+00,South,0.25,"",2809,1,SINGLE-SPACE,"",0DA,DA,Blagden St.
2538,434,42.348921,-71.078066,,2019-05-14 15:34:17.372445+00,South,0.25,"",2813,1,SINGLE-SPACE,"",0DA,DA,Blagden St.
2539,435,42.348718,-71.076564,,2019-05-14 15:34:17.372445+00,East,0.25,"",2822,1,SINGLE-SPACE,"",0DA,DA,Dartmouth St.
2540,436,42.34839,-71.076359,,2019-05-14 15:34:17.372445+00,North,0.25,"",2824,1,SINGLE-SPACE,"",0DA,DA,Stuart St.
2541,440,42.348744,-71.074341,,2019-05-14 15:34:17.372445+00,West,0.25,"",2842,1,SINGLE-SPACE,"",0DA,DA,Clarendon St.
2542,442,42.348328,-71.073443,,2019-05-14 15:34:17.372445+00,North,0.25,"",2863,1,SINGLE-SPACE,442,0DA,DA,Stanhope St.
2543,443,42.348244,-71.073938,,2019-05-14 15:34:17.372445+00,East,0.25,"",2870,1,SINGLE-SPACE,"",0DA,DA,Clarendon St.
2544,1002,42.348954,-71.07408,,2019-05-14 15:34:17.372445+00,South,0.25,"",2878,1,SINGLE-SPACE,"",0DA,DA,Stuart St.
2545,444,42.349036,-71.073783,,2019-05-14 15:34:17.372445+00,South,0.25,"",2880,1,SINGLE-SPACE,"",0DA,DA,Stuart St.
2546,445,42.34964,-71.071592,,2019-05-14 15:34:17.372445+00,South,0.25,"",2892,1,SINGLE-SPACE,"",0DA,DA,Stuart St.
2547,447,42.350147,-71.070128,,2019-05-14 15:34:17.372445+00,North,0.25,"",2908,1,SINGLE-SPACE,"",0DA,DA,Stuart St.
2548,448,42.349959,-71.070843,,2019-05-14 15:34:17.372445+00,North,0.25,"",2915,1,SINGLE-SPACE,"",0DA,DA,Stuart St.
2549,449,42.34962,-71.072169,,2019-05-14 15:34:17.372445+00,East,0.25,"",2928,1,SINGLE-SPACE,"",0DA,DA,Berkeley St.
2550,450,42.350437,-71.072383,,2019-05-14 15:34:17.372445+00,South,0.25,"",2939,1,SINGLE-SPACE,"",0DA,DA,St James Av.
2551,451,42.350963,-71.070939,,2019-05-14 15:34:17.372445+00,North,0.25,"",2949,1,SINGLE-SPACE,"",0DA,DA,St James Av.
2552,453,42.350739,-71.072712,,2019-05-14 15:34:17.372445+00,South,0.25,"",2972,1,SINGLE-SPACE,"",0DA,DA,Providence St.
2553,1005,42.358353,-71.054113,,2019-05-14 15:34:17.372445+00,North,0.25,599,113,1,MULTI-SPACE STALL,939,0MS,MS,Broad St S-f.
2554,1,42.363396,-71.051135,,2019-05-14 15:34:17.372445+00,West,0.25,"",125,1,SINGLE-SPACE,"",0AA,AA,Atlantic Av.
2555,3,42.362638,-71.050951,,2019-05-14 15:34:17.372445+00,East,0.25,"",138,1,SINGLE-SPACE,"",0AA,AA,Atlantic Av.
2556,4,42.357322,-71.050783,,2019-05-14 15:34:17.372445+00,East,0.25,"",149,1,SINGLE-SPACE,"",0AA,AA,Atlantic Av.
2557,6,42.358105,-71.0513,,2019-05-14 15:34:17.372445+00,East,0.25,"",157,1,SINGLE-SPACE,"",0AA,AA,Atlantic Av.
2558,7,42.358244,-71.051342,,2019-05-14 15:34:17.372445+00,East,0.25,"",159,1,SINGLE-SPACE,"",0AA,AA,Atlantic Av.
2559,8,42.361809,-71.054265,,2019-05-14 15:34:17.372445+00,West,0.25,"",165,1,SINGLE-SPACE,"",0AA,AA,Cross St.
2560,9,42.351475,-71.075356,,2019-05-14 15:34:17.372445+00,South,0.25,"",169,1,SINGLE-SPACE,"",0AB,AB,Newbury St.
2561,10,42.350921,-71.077832,,2019-05-14 15:34:17.372445+00,North,0.25,"",171,1,SINGLE-SPACE,"",0AB,AB,Newbury St.
2562,11,42.350225,-71.079773,,2019-05-14 15:34:17.372445+00,East,0.25,"",175,1,SINGLE-SPACE,"",0AB,AB,Exeter St.
2563,13,42.34905,-71.084002,,2019-05-14 15:34:17.372445+00,East,0.25,"",177,1,SINGLE-SPACE,"",0AB,AB,Gloucester St.
2564,17,42.34882,-71.082299,,2019-05-14 15:34:17.372445+00,North,0.25,"",180,1,SINGLE-SPACE,"",0AB,AB,Boylston St.
2565,18,42.349546,-71.082038,,2019-05-14 15:34:17.372445+00,East,0.25,"",184,1,SINGLE-SPACE,"",0AB,AB,Fairfield St.
2566,19,42.349185,-71.080968,,2019-05-14 15:34:17.372445+00,North,0.25,"",186,1,SINGLE-SPACE,"",0AB,AB,Boylston St.
2567,24,42.351844,-71.071627,,2019-05-14 15:34:17.372445+00,South,0.25,"",197,1,SINGLE-SPACE,"",0AB,AB,Boylston St.
2568,26,42.36355,-71.06144,,2019-05-14 15:34:17.372445+00,East,0.25,"",198,1,SINGLE-SPACE,"",0AC,AC,Merrimac St.
2569,27,42.363757,-71.062233,,2019-05-14 15:34:17.372445+00,East,0.25,"",202,1,SINGLE-SPACE,"",0AC,AC,Merrimac St.
2570,28,42.3643,-71.062563,,2019-05-14 15:34:17.372445+00,East,0.25,"",207,1,SINGLE-SPACE,"",0AC,AC,Lancaster St.
2571,34,42.363397,-71.059762,,2019-05-14 15:34:17.372445+00,East,0.25,"",211,1,SINGLE-SPACE,"",0AC,AC,Friend St.
2572,39,42.365579,-71.058615,,2019-05-14 15:34:17.372445+00,West,0.25,"",214,1,SINGLE-SPACE,"",0AC,AC,Medford St.
2573,945,42.366491,-71.058559,,2019-05-14 15:34:17.372445+00,North,0.25,"",221,1,SINGLE-SPACE,"",0AC,AC,N Washington.
2574,946,42.364475,-71.058194,,2019-05-14 15:34:17.372445+00,South,0.25,"",234,1,SINGLE-SPACE,"",0AC,AC,N Washington.
2575,947,42.365304,-71.058299,,2019-05-14 15:34:17.372445+00,South,0.25,"",239,1,SINGLE-SPACE,"",0AC,AC,N Washington.
2576,948,42.363781,-71.063203,,2019-05-14 15:34:17.372445+00,West,0.25,"",247,1,SINGLE-SPACE,"",0AC,AC,Merrimac St.
2577,949,42.366911,-71.064853,,2019-05-14 15:34:17.372445+00,South,0.25,"",251,1,SINGLE-SPACE,"",0AC,AC,Nashua St.
2578,950,42.366795,-71.064431,,2019-05-14 15:34:17.372445+00,South,0.25,"",259,1,SINGLE-SPACE,"",0AC,AC,Nashua St.
2579,40,42.346556,-71.042454,,2019-05-14 15:34:17.372445+00,North,0.25,"",267,1,SINGLE-SPACE,"",0AD,AD,Summer St.
2580,47,42.348968,-71.04772,,2019-05-14 15:34:17.372445+00,South,0.25,"",331,1,SINGLE-SPACE,"",0AD,AD,Summer St.
2581,50,42.346129,-71.042511,,2019-05-14 15:34:17.372445+00,West,0.25,"",348,1,SINGLE-SPACE,"",0AD,AD,D Street.
2582,51,42.345484,-71.043221,,2019-05-14 15:34:17.372445+00,West,0.25,"",357,1,SINGLE-SPACE,"",0AD,AD,D Street.
2583,53,42.341396,-71.047734,,2019-05-14 15:34:17.372445+00,East,0.25,"",429,1,SINGLE-SPACE,"",0AD,AD,D Street.
2584,951,42.344211,-71.0444,,2019-05-14 15:34:17.372445+00,East,0.25,"",454,1,SINGLE-SPACE,"",0AD,AD,D Street.
2585,55,42.361097,-71.062959,,2019-05-14 15:34:17.372445+00,North,0.25,"",491,1,SINGLE-SPACE,"",0AE,AE,Bowdoin St.
2586,57,42.359777,-71.062762,,2019-05-14 15:34:17.372445+00,South,0.25,"",507,1,SINGLE-SPACE,"",0AE,AE,Bowdoin St.
2587,59,42.360391,-71.062786,,2019-05-14 15:34:17.372445+00,South,0.25,"",516,1,SINGLE-SPACE,"",0AE,AE,Bowdoin St.
2588,64,42.361307,-71.064479,,2019-05-14 15:34:17.372445+00,North,0.25,"",524,1,SINGLE-SPACE,"",0AE,AE,Cambridge St.
2589,66,42.361556,-71.066765,,2019-05-14 15:34:17.372445+00,East,0.25,"",537,1,SINGLE-SPACE,"",0AE,AE,Blossom St.
2590,67,42.363456,-71.066855,,2019-05-14 15:34:17.372445+00,East,0.25,"",546,1,SINGLE-SPACE,"",0AE,AE,Blossom St.
2591,68,42.364045,-71.067527,,2019-05-14 15:34:17.372445+00,North,0.25,"",555,1,SINGLE-SPACE,"",0AE,AE,Blossom St.
2592,70,42.363382,-71.067098,,2019-05-14 15:34:17.372445+00,West,0.25,"",567,1,SINGLE-SPACE,"",0AE,AE,Blossom St.
2593,71,42.362095,-71.067058,,2019-05-14 15:34:17.372445+00,West,0.25,"",582,1,SINGLE-SPACE,"",0AE,AE,Blossom St.
2594,72,42.361288,-71.067116,,2019-05-14 15:34:17.372445+00,North,0.25,"",591,1,SINGLE-SPACE,"",0AE,AE,Cambridge St.
2595,74,42.362077,-71.067952,,2019-05-14 15:34:17.372445+00,West,0.25,"",594,1,SINGLE-SPACE,"",0AE,AE,N Anderson St.
2596,77,42.361251,-71.068815,,2019-05-14 15:34:17.372445+00,North,0.25,"",610,1,SINGLE-SPACE,"",0AE,AE,Cambridge St.
2597,79,42.361006,-71.069373,,2019-05-14 15:34:17.372445+00,South,0.25,"",614,1,SINGLE-SPACE,"",0AE,AE,Cambridge St.
2598,83,42.361104,-71.064359,,2019-05-14 15:34:17.372445+00,South,0.25,"",624,1,SINGLE-SPACE,"",0AE,AE,Cambridge St.
2599,84,42.361133,-71.063519,,2019-05-14 15:34:17.372445+00,South,0.25,"",626,1,SINGLE-SPACE,"",0AE,AE,Cambridge St.
2600,85,42.349542,-71.044133,,2019-05-14 15:34:17.372445+00,North,0.25,"",627,1,SINGLE-SPACE,"",0AF,AF,Congress St.
2601,87,42.349729,-71.044883,,2019-05-14 15:34:17.372445+00,East,0.25,"",635,1,SINGLE-SPACE,"",0AF,AF,East Service Rd.
2602,88,42.349675,-71.045057,,2019-05-14 15:34:17.372445+00,West,0.25,"",641,1,SINGLE-SPACE,"",0AF,AF,East Service Rd.
2603,89,42.349326,-71.04687,,2019-05-14 15:34:17.372445+00,South,0.25,"",649,1,SINGLE-SPACE,"",0AF,AF,Congress St.
2604,90,42.349335,-71.045493,,2019-05-14 15:34:17.372445+00,North,0.25,"",663,1,SINGLE-SPACE,"",0AF,AF,Congress St.
2605,92,42.349749,-71.046973,,2019-05-14 15:34:17.372445+00,East,0.25,"",678,1,SINGLE-SPACE,"",0AF,AF,Boston Wharf Rd.
2606,93,42.351613,-71.045699,,2019-05-14 15:34:17.372445+00,West,0.25,"",689,1,SINGLE-SPACE,"",0AF,AF,Boston Wharf Rd.
2607,954,42.350427,-71.048435,,2019-05-14 15:34:17.372445+00,North,0.25,"",697,1,SINGLE-SPACE,"",0AF,AF,Congress St.
2608,953,42.350512,-71.048568,,2019-05-14 15:34:17.372445+00,North,0.25,"",699,1,SINGLE-SPACE,"",0AF,AF,Congress St.
2609,98,42.351136,-71.049798,,2019-05-14 15:34:17.372445+00,South,0.25,"",714,1,SINGLE-SPACE,"",0AF,AF,Congress St.
2610,100,42.349244,-71.049651,,2019-05-14 15:34:17.372445+00,North,0.25,"",729,1,SINGLE-SPACE,"",0AF,AF,Melcher St.
2611,101,42.35037,-71.050791,,2019-05-14 15:34:17.372445+00,South,0.25,"",734,1,SINGLE-SPACE,"",0AF,AF,Summer St.
2612,103,42.349635,-71.049279,,2019-05-14 15:34:17.372445+00,South,0.25,"",748,1,SINGLE-SPACE,"",0AF,AF,Summer St.
2613,102,42.349041,-71.04792,,2019-05-14 15:34:17.372445+00,North,0.25,"",761,1,SINGLE-SPACE,"",0AF,AF,Summer St.
2614,952,42.349935,-71.049403,,2019-05-14 15:34:17.372445+00,North,0.25,"",771,1,SINGLE-SPACE,"",0AF,AF,Summer St.
2615,990,42.349773,-71.047706,,2019-05-14 15:34:17.372445+00,South,0.25,"",788,1,SINGLE-SPACE,"",0AF,AF,Congress St.
2616,108,42.375582,-71.053268,,2019-05-14 15:34:17.372445+00,East,0.25,"",802,1,SINGLE-SPACE,"",0AG,AG,First Avenue.
2617,109,42.376649,-71.052954,,2019-05-14 15:34:17.372445+00,South,0.25,"",816,1,SINGLE-SPACE,"",0AG,AG,Ninth Street.
2618,111,42.375379,-71.054062,,2019-05-14 15:34:17.372445+00,North,0.25,"",835,1,SINGLE-SPACE,"",0AG,AG,Seventh Street.
2619,112,42.375799,-71.05443,,2019-05-14 15:34:17.372445+00,South,0.25,"",844,1,SINGLE-SPACE,"",0AG,AG,Seventh Street.
2620,113,42.375511,-71.054124,,2019-05-14 15:34:17.372445+00,South,0.25,"",849,1,SINGLE-SPACE,"",0AG,AG,Seventh Street.
2621,114,42.374928,-71.054779,,2019-05-14 15:34:17.372445+00,North,0.25,"",851,1,SINGLE-SPACE,"",0AG,AG,Sixth Street.
2622,115,42.375356,-71.055167,,2019-05-14 15:34:17.372445+00,South,0.25,"",860,1,SINGLE-SPACE,"",0AG,AG,Sixth Street.
2623,116,42.345098,-71.052505,,2019-05-14 15:34:17.372445+00,East,0.25,"",864,1,SINGLE-SPACE,"",0AH,AH,A Street.
2624,117,42.349048,-71.049565,,2019-05-14 15:34:17.372445+00,West,0.25,"",893,1,SINGLE-SPACE,"",0AH,AH,A Street.
2625,118,42.348685,-71.049841,,2019-05-14 15:34:17.372445+00,West,0.25,"",897,1,SINGLE-SPACE,"",0AH,AH,A Street.
2626,119,42.346499,-71.051634,,2019-05-14 15:34:17.372445+00,West,0.25,"",903,1,SINGLE-SPACE,"",0AH,AH,A Street.
2627,120,42.359947,-71.059856,,2019-05-14 15:34:17.372445+00,East,0.25,"",920,1,SINGLE-SPACE,"",0BA,BA,Cambridge St.
2628,121,42.360065,-71.059905,,2019-05-14 15:34:17.372445+00,East,0.25,"",922,1,SINGLE-SPACE,"",0BA,BA,Cambridge St.
2629,975,42.361207,-71.061676,,2019-05-14 15:34:17.372445+00,North,0.25,"",932,1,SINGLE-SPACE,"",0BA,BA,Cambridge St.
2630,122,42.361284,-71.062,,2019-05-14 15:34:17.372445+00,North,0.25,"",936,1,SINGLE-SPACE,"",0BA,BA,Cambridge St.
2631,127,42.362017,-71.062536,,2019-05-14 15:34:17.372445+00,North,0.25,"",978,1,SINGLE-SPACE,"",0BA,BA,New Chardon St.
2632,128,42.361097,-71.062361,,2019-05-14 15:34:17.372445+00,South,0.25,"",983,1,SINGLE-SPACE,"",0BA,BA,Cambridge St.
2633,129,42.360775,-71.061239,,2019-05-14 15:34:17.372445+00,South,0.25,"",993,1,SINGLE-SPACE,"",0BA,BA,Cambridge St.
2634,1000,42.358983,-71.059909,,2019-05-14 15:34:17.372445+00,West,0.25,"",1009,1,SINGLE-SPACE,"",0BA,BA,Tremont St.
2635,131,42.361397,-71.057062,,2019-05-14 15:34:17.372445+00,East,0.25,"",1020,1,SINGLE-SPACE,"",0BA,BA,Union St.
2636,132,42.36162,-71.057329,,2019-05-14 15:34:17.372445+00,West,0.25,"",1025,1,SINGLE-SPACE,"",0BA,BA,Union St.
2637,134,42.356658,-71.057388,,2019-05-14 15:34:17.372445+00,West,0.25,"",1038,1,SINGLE-SPACE,"",0BA,BA,Devonshire St.
2638,135,42.355495,-71.057243,,2019-05-14 15:34:17.372445+00,East,0.25,"",1041,1,SINGLE-SPACE,"",0BA,BA,Devonshire St.
2639,138,42.356882,-71.055524,,2019-05-14 15:34:17.372445+00,South,0.25,"",1060,1,SINGLE-SPACE,"",0BB,BB,Milk St.
2640,139,42.357368,-71.054776,,2019-05-14 15:34:17.372445+00,South,0.25,"",1069,1,SINGLE-SPACE,"",0BB,BB,Milk St.
2641,140,42.357718,-71.054269,,2019-05-14 15:34:17.372445+00,South,0.25,"",1073,1,SINGLE-SPACE,"",0BB,BB,Milk St.
2642,147,42.358056,-71.053811,,2019-05-14 15:34:17.372445+00,South,0.25,"",1078,1,SINGLE-SPACE,"",0BB,BB,Milk St.
2643,148,42.358361,-71.053175,,2019-05-14 15:34:17.372445+00,West,0.25,"",1086,1,SINGLE-SPACE,"",0BB,BB,India St.
2644,149,42.358182,-71.052756,,2019-05-14 15:34:17.372445+00,West,0.25,"",1090,1,SINGLE-SPACE,"",0BB,BB,India St.
2645,150,42.358141,-71.05233,,2019-05-14 15:34:17.372445+00,East,0.25,"",1096,1,SINGLE-SPACE,"",0BB,BB,India St.
2646,151,42.358542,-71.052531,,2019-05-14 15:34:17.372445+00,South,0.25,"",1108,1,SINGLE-SPACE,"",0BB,BB,Milk St.
2647,153,42.358674,-71.052335,,2019-05-14 15:34:17.372445+00,North,0.25,"",1115,1,SINGLE-SPACE,"",0BB,BB,Milk St.
2648,152,42.358568,-71.052987,,2019-05-14 15:34:17.372445+00,North,0.25,"",1122,1,SINGLE-SPACE,"",0BB,BB,Milk St.
2649,154,42.358551,-71.053334,,2019-05-14 15:34:17.372445+00,East,0.25,"",1126,1,SINGLE-SPACE,"",0BB,BB,India St.
2650,155,42.358814,-71.05283,,2019-05-14 15:34:17.372445+00,South,0.25,"",1129,1,SINGLE-SPACE,"",0BB,BB,Central St.
2651,156,42.359172,-71.054105,,2019-05-14 15:34:17.372445+00,West,0.25,"",1132,1,SINGLE-SPACE,"",0BB,BB,India St.
2652,157,42.358694,-71.054099,,2019-05-14 15:34:17.372445+00,West,0.25,"",1138,1,SINGLE-SPACE,"",0BB,BB,Central St.
2653,158,42.358676,-71.053731,,2019-05-14 15:34:17.372445+00,West,0.25,"",1140,1,SINGLE-SPACE,"",0BB,BB,India St.
2654,159,42.358352,-71.053508,,2019-05-14 15:34:17.372445+00,North,0.25,"",1144,1,SINGLE-SPACE,"",0BB,BB,Milk St.
2655,163,42.35896,-71.054613,,2019-05-14 15:34:17.372445+00,West,0.25,"",1152,1,SINGLE-SPACE,"",0BB,BB,Broad St.
2656,164,42.358349,-71.054349,,2019-05-14 15:34:17.372445+00,North,0.25,"",1154,1,SINGLE-SPACE,"",0BB,BB,Water St.
2657,168,42.357937,-71.054981,,2019-05-14 15:34:17.372445+00,East,0.25,"",1170,1,SINGLE-SPACE,"",0BB,BB,Batterymarch St.
2658,169,42.357862,-71.055077,,2019-05-14 15:34:17.372445+00,West,0.25,"",1175,1,SINGLE-SPACE,"",0BB,BB,Batterymarch St.
2659,170,42.357653,-71.054546,,2019-05-14 15:34:17.372445+00,West,0.25,"",1181,1,SINGLE-SPACE,"",0BB,BB,Milk St.
2660,174,42.357278,-71.055079,,2019-05-14 15:34:17.372445+00,North,0.25,"",1194,1,SINGLE-SPACE,"",0BB,BB,Milk St.
2661,175,42.352899,-71.04818,,2019-05-14 15:34:17.372445+00,South,0.25,"",1200,1,SINGLE-SPACE,"",0BC,BC,Seaport Blvd.
2662,178,42.351609,-71.045462,,2019-05-14 15:34:17.372445+00,South,0.25,"",1215,1,SINGLE-SPACE,"",0BC,BC,Seaport Blvd.
2663,179,42.351227,-71.04404,,2019-05-14 15:34:17.372445+00,North,0.25,"",1222,1,SINGLE-SPACE,"",0BC,BC,Seaport Blvd.
2664,985,42.351935,-71.043367,,2019-05-14 15:34:17.372445+00,North,0.25,"",1268,1,SINGLE-SPACE,"",0BC,BC,Northern Av.
2665,999,42.352197,-71.043887,,2019-05-14 15:34:17.372445+00,North,0.25,"",1273,1,SINGLE-SPACE,"",0BC,BC,Northern Av.
2666,182,42.352874,-71.045497,,2019-05-14 15:34:17.372445+00,North,0.25,"",1280,1,SINGLE-SPACE,"",0BC,BC,Northern Av.
2667,984,42.35316,-71.046086,,2019-05-14 15:34:17.372445+00,North,0.25,"",1285,1,SINGLE-SPACE,"",0BC,BC,Northern Av.
2668,183,42.355948,-71.054919,,2019-05-14 15:34:17.372445+00,West,0.25,"",1294,1,SINGLE-SPACE,"",0BD,BD,Pearl St.
2669,184,42.355088,-71.053988,,2019-05-14 15:34:17.372445+00,West,0.25,"",1308,1,SINGLE-SPACE,"",0BD,BD,Pearl St.
2670,186,42.355276,-71.053879,,2019-05-14 15:34:17.372445+00,South,0.25,"",1325,1,SINGLE-SPACE,"",0BD,BD,High St.
2671,187,42.356064,-71.053132,,2019-05-14 15:34:17.372445+00,South,0.25,"",1346,1,SINGLE-SPACE,"",0BD,BD,High St.
2672,191,42.356671,-71.051924,,2019-05-14 15:34:17.372445+00,North,0.25,"",1359,1,SINGLE-SPACE,"",0BD,BD,High St.
2673,190,42.356628,-71.052164,,2019-05-14 15:34:17.372445+00,North,0.25,"",1361,1,SINGLE-SPACE,"",0BD,BD,High St.
2674,192,42.356505,-71.052835,,2019-05-14 15:34:17.372445+00,East,0.25,"",1369,1,SINGLE-SPACE,"",0BD,BD,Batterymarch St.
2675,194,42.357148,-71.053383,,2019-05-14 15:34:17.372445+00,North,0.25,"",1375,1,SINGLE-SPACE,"",0BD,BD,Batterymarch St.
2676,196,42.357342,-71.05267,,2019-05-14 15:34:17.372445+00,South,0.25,"",1378,1,SINGLE-SPACE,"",0BD,BD,Franklin St.
2677,197,42.357367,-71.052807,,2019-05-14 15:34:17.372445+00,South,0.25,"",1380,1,SINGLE-SPACE,"",0BD,BD,Franklin St.
2678,199,42.357658,-71.053522,,2019-05-14 15:34:17.372445+00,North,0.25,"",1387,1,SINGLE-SPACE,"",0BD,BD,Batterymarch Short Arm.
2679,200,42.357637,-71.054226,,2019-05-14 15:34:17.372445+00,West,0.25,"",1392,1,SINGLE-SPACE,"",0BD,BD,Batterymarch St.
2680,201,42.357598,-71.054334,,2019-05-14 15:34:17.372445+00,West,0.25,"",1398,1,SINGLE-SPACE,"",0BD,BD,Batterymarch St.
2681,202,42.356917,-71.053446,,2019-05-14 15:34:17.372445+00,North,0.25,"",1409,1,SINGLE-SPACE,"",0BD,BD,Franklin St.
2682,203,42.356693,-71.053972,,2019-05-14 15:34:17.372445+00,East,0.25,"",1413,1,SINGLE-SPACE,"",0BD,BD,Oliver St.
2683,204,42.356593,-71.054053,,2019-05-14 15:34:17.372445+00,North,0.25,"",1426,1,SINGLE-SPACE,"",0BD,BD,Franklin St.
2684,206,42.35614,-71.053231,,2019-05-14 15:34:17.372445+00,East,0.25,"",1436,1,SINGLE-SPACE,"",0BD,BD,Oliver St.
2685,207,42.356632,-71.053754,,2019-05-14 15:34:17.372445+00,South,0.25,"",1446,1,SINGLE-SPACE,"",0BD,BD,Franklin St.
2686,208,42.356866,-71.053306,,2019-05-14 15:34:17.372445+00,West,0.25,"",1454,1,SINGLE-SPACE,"",0BD,BD,Batterymarch St.
2687,209,42.356396,-71.05294,,2019-05-14 15:34:17.372445+00,North,0.25,"",1459,1,SINGLE-SPACE,"",0BD,BD,High St.
2688,210,42.355996,-71.053304,,2019-05-14 15:34:17.372445+00,North,0.25,"",1464,1,SINGLE-SPACE,"",0BD,BD,High St.
2689,212,42.35553,-71.054199,,2019-05-14 15:34:17.372445+00,East,0.25,"",1471,1,SINGLE-SPACE,"",0BD,BD,Pearl St.
2690,213,42.356195,-71.054927,,2019-05-14 15:34:17.372445+00,East,0.25,"",1477,1,SINGLE-SPACE,"",0BD,BD,Pearl St.
2691,992,42.354734,-71.054629,,2019-05-14 15:34:17.372445+00,North,0.25,"",1489,1,SINGLE-SPACE,"",0BD,BD,High St.
2692,215,42.350558,-71.060779,,2019-05-14 15:34:17.372445+00,East,0.25,"",1503,1,SINGLE-SPACE,"",0BE,BE,Tyler St.
2693,216,42.351507,-71.061493,,2019-05-14 15:34:17.372445+00,South,0.25,"",1514,1,SINGLE-SPACE,"",0BE,BE,Beach St.
2694,217,42.352188,-71.061174,,2019-05-14 15:34:17.372445+00,East,0.25,"",1523,1,SINGLE-SPACE,"",0BE,BE,Harrison Av.
2695,218,42.351634,-71.061126,,2019-05-14 15:34:17.372445+00,East,0.25,"",1529,1,SINGLE-SPACE,"",0BE,BE,Harrison Av.
2696,219,42.351522,-71.061117,,2019-05-14 15:34:17.372445+00,East,0.25,"",1531,1,SINGLE-SPACE,"",0BE,BE,Harrison Av.
2697,220,42.352425,-71.059428,,2019-05-14 15:34:17.372445+00,West,0.25,"",1532,1,SINGLE-SPACE,"",0BE,BE,Kingston St.
2698,221,42.352714,-71.059649,,2019-05-14 15:34:17.372445+00,East,0.25,"",1546,1,SINGLE-SPACE,"",0BE,BE,Av De Lafayette.
2699,222,42.353312,-71.060441,,2019-05-14 15:34:17.372445+00,South,0.25,"",1556,1,SINGLE-SPACE,"",0BE,BE,Chauncy St.
2700,223,42.354697,-71.058858,,2019-05-14 15:34:17.372445+00,North,0.25,"",1559,1,SINGLE-SPACE,224,0BE,BE,Arch St.
2701,227,42.353914,-71.058845,,2019-05-14 15:34:17.372445+00,West,0.25,"",1577,1,SINGLE-SPACE,"",0BE,BE,Kingston St.
2702,229,42.353259,-71.05866,,2019-05-14 15:34:17.372445+00,West,0.25,"",1585,1,SINGLE-SPACE,"",0BE,BE,Bedford St.
2703,230,42.353366,-71.05947,,2019-05-14 15:34:17.372445+00,North,0.25,"",1587,1,SINGLE-SPACE,"",0BE,BE,Bedford St.
2704,988,42.353851,-71.05783,,2019-05-14 15:34:17.372445+00,East,0.25,"",1610,1,SINGLE-SPACE,"",0BE,CF,Devonshire St.
2705,235,42.349981,-71.058836,,2019-05-14 15:34:17.372445+00,East,0.25,"",1619,1,SINGLE-SPACE,"",0CA,CA,Lincoln St.
2706,236,42.351493,-71.058391,,2019-05-14 15:34:17.372445+00,West,0.25,"",1629,1,SINGLE-SPACE,"",0CA,CA,Lincoln St.
2707,237,42.351059,-71.058956,,2019-05-14 15:34:17.372445+00,North,0.25,"",1639,1,SINGLE-SPACE,"",0CA,CA,Beach St.
2708,238,42.351014,-71.059165,,2019-05-14 15:34:17.372445+00,South,0.25,"",1643,1,SINGLE-SPACE,"",0CA,CA,Beach St.
2709,241,42.349737,-71.057696,,2019-05-14 15:34:17.372445+00,West,0.25,"",1658,1,SINGLE-SPACE,"",0CA,CA,South St.
2710,244,42.350776,-71.058181,,2019-05-14 15:34:17.372445+00,South,0.25,"",1670,1,SINGLE-SPACE,"",0CA,CA,Beach St.
2711,246,42.351618,-71.057317,,2019-05-14 15:34:17.372445+00,West,0.25,"",1678,1,SINGLE-SPACE,246,0CA,CA,South St.
2712,248,42.351402,-71.057199,,2019-05-14 15:34:17.372445+00,East,0.25,"",1682,1,SINGLE-SPACE,"",0CA,CA,South St.
2713,249,42.350514,-71.057396,,2019-05-14 15:34:17.372445+00,East,0.25,"",1696,1,SINGLE-SPACE,"",0CA,CA,South St.
2714,250,42.349641,-71.056904,,2019-05-14 15:34:17.372445+00,East,0.25,"",1704,1,SINGLE-SPACE,"",0CA,CA,Atlantic Av.
2715,251,42.351427,-71.056158,,2019-05-14 15:34:17.372445+00,West,0.25,"",1710,1,SINGLE-SPACE,"",0CA,CA,Atlantic Av.
2716,253,42.352258,-71.055758,,2019-05-14 15:34:17.372445+00,West,0.25,"",1714,1,SINGLE-SPACE,"",0CA,CA,Atlantic Av.
2717,256,42.352236,-71.058571,,2019-05-14 15:34:17.372445+00,West,0.25,"",1727,1,SINGLE-SPACE,"",0CA,CA,Surface Rd.
2718,257,42.350726,-71.059601,,2019-05-14 15:34:17.372445+00,West,0.25,"",1745,1,SINGLE-SPACE,"",0CA,CA,Surface Rd.
2719,258,42.350381,-71.06033,,2019-05-14 15:34:17.372445+00,North,0.25,"",1750,1,SINGLE-SPACE,"",0CB,CB,Kneeland St.
2720,259,42.350559,-71.060964,,2019-05-14 15:34:17.372445+00,North,0.25,"",1753,1,SINGLE-SPACE,"",0CB,CB,Kneeland St.
2721,260,42.350712,-71.061662,,2019-05-14 15:34:17.372445+00,North,0.25,"",1757,1,SINGLE-SPACE,"",0CB,CB,Kneeland St.
2722,261,42.350908,-71.062245,,2019-05-14 15:34:17.372445+00,North,0.25,"",1763,1,SINGLE-SPACE,"",0CB,CB,Kneeland St.
2723,264,42.350978,-71.064792,,2019-05-14 15:34:17.372445+00,South,0.25,"",1775,1,SINGLE-SPACE,"",0CB,CB,Stuart St.
2724,267,42.34862,-71.063946,,2019-05-14 15:34:17.372445+00,East,0.25,"",1808,1,SINGLE-SPACE,"",0CB,CB,Washington St.
2725,268,42.349191,-71.063774,,2019-05-14 15:34:17.372445+00,East,0.25,"",1812,1,SINGLE-SPACE,"",0CB,CB,Washington St.
2726,270,42.350626,-71.061714,,2019-05-14 15:34:17.372445+00,South,0.25,"",1825,1,SINGLE-SPACE,"",0CB,CB,Kneeland St.
2727,271,42.348771,-71.062344,,2019-05-14 15:34:17.372445+00,South,0.25,"",1828,1,SINGLE-SPACE,"",0CB,CB,Harrison Av.
2728,272,42.348722,-71.062421,,2019-05-14 15:34:17.372445+00,North,0.25,"",1832,1,SINGLE-SPACE,"",0CB,CB,Nassau St.
2729,274,42.348824,-71.063187,,2019-05-14 15:34:17.372445+00,South,0.25,"",1838,1,SINGLE-SPACE,"",0CB,CB,Nassau St.
2730,275,42.348616,-71.06238,,2019-05-14 15:34:17.372445+00,South,0.25,"",1842,1,SINGLE-SPACE,"",0CB,CB,Harrison Av.
2731,276,42.348172,-71.062738,,2019-05-14 15:34:17.372445+00,West,0.25,"",1848,1,SINGLE-SPACE,"",0CB,CB,Harrison Av.
2732,277,42.347447,-71.062861,,2019-05-14 15:34:17.372445+00,West,0.25,"",1853,1,SINGLE-SPACE,"",0CB,CB,Harrison Av.
2733,278,42.347338,-71.064141,,2019-05-14 15:34:17.372445+00,West,0.25,"",1855,1,SINGLE-SPACE,"",0CB,CB,Marginal Rd.
2734,279,42.347164,-71.062835,,2019-05-14 15:34:17.372445+00,North,0.25,"",1869,1,SINGLE-SPACE,"",0CB,CB,Harrison Av.
2735,280,42.348228,-71.062404,,2019-05-14 15:34:17.372445+00,East,0.25,"",1880,1,SINGLE-SPACE,"",0CB,CB,Harrison Av.
2736,282,42.349822,-71.06178,,2019-05-14 15:34:17.372445+00,East,0.25,"",1899,1,SINGLE-SPACE,"",0CB,CB,Harrison Av.
2737,283,42.350431,-71.061398,,2019-05-14 15:34:17.372445+00,East,0.25,"",1911,1,SINGLE-SPACE,"",0CB,CB,Kneeland St.
2738,284,42.350544,-71.061422,,2019-05-14 15:34:17.372445+00,South,0.25,"",1913,1,SINGLE-SPACE,"",0CB,CB,Kneeland St.
2739,285,42.350344,-71.060614,,2019-05-14 15:34:17.372445+00,South,0.25,"",1918,1,SINGLE-SPACE,"",0CB,CB,Kneeland St.
2740,286,42.348375,-71.067216,,2019-05-14 15:34:17.372445+00,South,0.25,"",1924,1,SINGLE-SPACE,"",0CC,CC,Tremont St.
2741,287,42.348819,-71.066483,,2019-05-14 15:34:17.372445+00,East,0.25,"",1931,1,SINGLE-SPACE,"",0CC,CC,Charles St South.
2742,289,42.349722,-71.066515,,2019-05-14 15:34:17.372445+00,East,0.25,"",1941,1,SINGLE-SPACE,"",0CC,CC,Charles St South.
2743,291,42.349584,-71.066628,,2019-05-14 15:34:17.372445+00,West,0.25,"",1954,1,SINGLE-SPACE,"",0CC,CC,Charles St South.
2744,292,42.349285,-71.066546,,2019-05-14 15:34:17.372445+00,West,0.25,"",1957,1,SINGLE-SPACE,"",0CC,CC,Charles St South.
2745,295,42.34829,-71.067628,,2019-05-14 15:34:17.372445+00,West,0.25,"",1965,1,SINGLE-SPACE,"",0CC,CC,Tremont St.
2746,296,42.350082,-71.066028,,2019-05-14 15:34:17.372445+00,West,0.25,"",1969,1,SINGLE-SPACE,296,0CC,CC,Warrenton St.
2747,298,42.350169,-71.065277,,2019-05-14 15:34:17.372445+00,West,0.25,"",1979,1,SINGLE-SPACE,"",0CC,CC,Tremont St.
2748,299,42.349633,-71.065389,,2019-05-14 15:34:17.372445+00,West,0.25,"",1985,1,SINGLE-SPACE,"",0CC,CC,Tremont St.
2749,300,42.348431,-71.065645,,2019-05-14 15:34:17.372445+00,West,0.25,"",1995,1,SINGLE-SPACE,"",0CC,CC,Shawmut Av.
2750,301,42.348367,-71.065659,,2019-05-14 15:34:17.372445+00,West,0.25,"",1996,1,SINGLE-SPACE,"",0CC,CC,Shawmut Av.
2751,562,42.347273,-71.088054,,2019-05-14 15:34:17.372445+00,North,0.25,"",4073,1,SINGLE-SPACE,"",0ED,ED,Boylston St.
2752,563,42.346866,-71.088934,,2019-05-14 15:34:17.372445+00,South,0.25,"",4088,1,SINGLE-SPACE,"",0ED,ED,Boylston St.
2753,564,42.346985,-71.088542,,2019-05-14 15:34:17.372445+00,South,0.25,"",4091,1,SINGLE-SPACE,"",0ED,ED,Boylston St.
2754,567,42.343552,-71.086717,,2019-05-14 15:34:17.372445+00,East,0.25,"",4121,1,SINGLE-SPACE,"",0ED,ED,Edgerly Rd.
2755,568,42.344965,-71.087562,,2019-05-14 15:34:17.372445+00,West,0.25,"",4125,1,SINGLE-SPACE,"",0ED,ED,Edgerly Rd.
2756,575,42.344081,-71.089953,,2019-05-14 15:34:17.372445+00,East,0.25,"",4141,1,SINGLE-SPACE,"",0ED,ED,Hemenway St.
2757,576,42.344067,-71.08981,,2019-05-14 15:34:17.372445+00,East,0.25,"",4149,1,SINGLE-SPACE,"",0ED,ED,Hemenway St.
2758,994,42.347457,-71.093944,,2019-05-14 15:34:17.372445+00,South,0.25,"",4168,1,SINGLE-SPACE,"",0EC,ED,Ipswich St.
2759,995,42.347133,-71.089447,,2019-05-14 15:34:17.372445+00,South,0.25,"",4200,1,SINGLE-SPACE,"",0EC,ED,Ipswich St.
2760,579,42.347292,-71.087144,,2019-05-14 15:34:17.372445+00,South,0.25,"",4202,1,SINGLE-SPACE,"",0EE,EE,Cambria St.
2761,580,42.346968,-71.086593,,2019-05-14 15:34:17.372445+00,West,0.25,"",4207,1,SINGLE-SPACE,"",0EE,EE,St Cecilia St.
2762,581,42.346838,-71.08663,,2019-05-14 15:34:17.372445+00,West,0.25,"",4209,1,SINGLE-SPACE,"",0EE,EE,St Cecilia St.
2763,584,42.346247,-71.085372,,2019-05-14 15:34:17.372445+00,North,0.25,"",4232,1,SINGLE-SPACE,"",0EE,EE,Belvidere St.
2764,585,42.346916,-71.086412,,2019-05-14 15:34:17.372445+00,South,0.25,"",4244,1,SINGLE-SPACE,"",0EE,EE,Scotia St.
2765,587,42.344013,-71.083189,,2019-05-14 15:34:17.372445+00,East,0.25,"",4269,1,SINGLE-SPACE,"",0EE,EE,Huntington Av.
2766,588,42.344165,-71.082857,,2019-05-14 15:34:17.372445+00,South,0.25,"",4273,1,SINGLE-SPACE,"",0EE,EE,Cumberland St.
2767,589,42.343838,-71.082223,,2019-05-14 15:34:17.372445+00,North,0.25,"",4282,1,SINGLE-SPACE,"",0EE,EE,Cumberland St.
2768,590,42.34431,-71.082772,,2019-05-14 15:34:17.372445+00,East,0.25,"",4289,1,SINGLE-SPACE,"",0EE,EE,Huntington Av.
2769,591,42.345151,-71.081503,,2019-05-14 15:34:17.372445+00,South,0.25,"",4307,1,SINGLE-SPACE,"",0EE,EE,W Newton St.
2770,592,42.344642,-71.080759,,2019-05-14 15:34:17.372445+00,South,0.25,"",4315,1,SINGLE-SPACE,"",0EE,EE,W Newton St.
2771,593,42.345945,-71.07828,,2019-05-14 15:34:17.372445+00,South,0.25,"",4327,1,SINGLE-SPACE,"",0EE,EE,Harcourt St.
2772,594,42.346318,-71.079018,,2019-05-14 15:34:17.372445+00,East,0.25,"",4335,1,SINGLE-SPACE,"",0EE,EE,St Botolph St.
2773,595,42.345976,-71.079605,,2019-05-14 15:34:17.372445+00,North,0.25,"",4344,1,SINGLE-SPACE,"",0EE,EE,Garrison St.
2774,596,42.346104,-71.079939,,2019-05-14 15:34:17.372445+00,South,0.25,"",4349,1,SINGLE-SPACE,"",0EE,EE,Garrison St.
2775,599,42.343704,-71.082321,,2019-05-14 15:34:17.372445+00,West,0.25,"",4387,1,SINGLE-SPACE,"",0EE,EE,St Botolph St.
2776,601,42.3416,-71.086644,,2019-05-14 15:34:17.372445+00,East,0.25,"",4407,1,SINGLE-SPACE,"",0FA,FA,Gainsborough St.
2777,602,42.34192,-71.087271,,2019-05-14 15:34:17.372445+00,West,0.25,"",4416,1,SINGLE-SPACE,"",0FA,FA,Gainsborough St.
2778,604,42.341257,-71.087098,,2019-05-14 15:34:17.372445+00,North,0.25,"",4426,1,SINGLE-SPACE,"",0FA,FA,Huntington Av.
2779,605,42.340569,-71.088964,,2019-05-14 15:34:17.372445+00,East,0.25,"",4449,1,SINGLE-SPACE,"",0FA,FA,Opera Pl.
2780,606,42.340649,-71.089023,,2019-05-14 15:34:17.372445+00,East,0.25,"",4450,1,SINGLE-SPACE,"",0FA,FA,Opera Pl.
2781,607,42.340945,-71.089369,,2019-05-14 15:34:17.372445+00,West,0.25,"",4455,1,SINGLE-SPACE,"",0FA,FA,Opera Pl.
2782,608,42.340809,-71.089267,,2019-05-14 15:34:17.372445+00,West,0.25,"",4457,1,SINGLE-SPACE,"",0FA,FA,Opera Pl.
2783,609,42.339938,-71.090639,,2019-05-14 15:34:17.372445+00,East,0.25,"",4458,1,SINGLE-SPACE,"",0FA,FA,Forsyth St.
2784,613,42.340697,-71.091188,,2019-05-14 15:34:17.372445+00,West,0.25,"",4470,1,SINGLE-SPACE,"",0FA,FA,Forsyth St.
2785,615,42.3407,-71.08767,,2019-05-14 15:34:17.372445+00,South,0.25,"",4484,1,SINGLE-SPACE,615,0FA,FA,Huntington Av.
2786,617,42.340563,-71.085084,,2019-05-14 15:34:17.372445+00,East,0.25,"",4498,1,SINGLE-SPACE,"",0FA,FA,Gainsborough St.
2787,620,42.341851,-71.084568,,2019-05-14 15:34:17.372445+00,North,0.25,"",4505,1,SINGLE-SPACE,"",0FA,FA,St Botolph St.
2788,623,42.341515,-71.086367,,2019-05-14 15:34:17.372445+00,South,0.25,"",4508,1,SINGLE-SPACE,"",0FA,FA,Huntington Av.
2789,626,42.337006,-71.100397,,2019-05-14 15:34:17.372445+00,West,0.25,"",4525,1,SINGLE-SPACE,"",0FB,FB,Palace Rd.
2790,628,42.338317,-71.099384,,2019-05-14 15:34:17.372445+00,East,0.25,"",4554,1,SINGLE-SPACE,"",0FB,FB,Palace Rd.
2791,629,42.338485,-71.098408,,2019-05-14 15:34:17.372445+00,West,0.25,"",4560,1,SINGLE-SPACE,"",0FB,FB,Evans Wy.
2792,630,42.337604,-71.099009,,2019-05-14 15:34:17.372445+00,West,0.25,"",4568,1,SINGLE-SPACE,"",0FB,FB,Evans Wy.
2793,631,42.337448,-71.098929,,2019-05-14 15:34:17.372445+00,East,0.25,"",4570,1,SINGLE-SPACE,631,0FB,FB,Evans Wy.
2794,632,42.338367,-71.097457,,2019-05-14 15:34:17.372445+00,West,0.25,"",4592,1,SINGLE-SPACE,"",0FB,FB,Evans Wy.
2795,633,42.337529,-71.098192,,2019-05-14 15:34:17.372445+00,West,0.25,"",4611,1,SINGLE-SPACE,"",0FB,FB,Evans Wy.
2796,635,42.337349,-71.098167,,2019-05-14 15:34:17.372445+00,East,0.25,"",4615,1,SINGLE-SPACE,"",0FB,FB,Evans Wy.
2797,637,42.338952,-71.096738,,2019-05-14 15:34:17.372445+00,South,0.25,"",4633,1,SINGLE-SPACE,"",0FB,FB,Museum Rd.
2798,640,42.338318,-71.09501,,2019-05-14 15:34:17.372445+00,North,0.25,"",4643,1,SINGLE-SPACE,"",0FB,FB,Museum Rd.
2799,612,42.339294,-71.092348,,2019-05-14 15:34:17.372445+00,East,0.25,"",4658,1,SINGLE-SPACE,"",0FB,FB,Forsyth Wy.
2800,641,42.339515,-71.092363,,2019-05-14 15:34:17.372445+00,South,0.25,"",4660,1,SINGLE-SPACE,"",0FB,FB,Hemenway St.
2801,642,42.341462,-71.090749,,2019-05-14 15:34:17.372445+00,East,0.25,"",4665,1,SINGLE-SPACE,"",0FB,FB,Hemenway St.
2802,644,42.339443,-71.092454,,2019-05-14 15:34:17.372445+00,East,0.25,"",4695,1,SINGLE-SPACE,"",0FB,FB,Forsyth Wy.
2803,647,42.334218,-71.104297,,2019-05-14 15:34:17.372445+00,South,0.25,"",4742,1,SINGLE-SPACE,"",0FC,FC,Huntington Av.
2804,648,42.335025,-71.102139,,2019-05-14 15:34:17.372445+00,South,0.25,"",4751,1,SINGLE-SPACE,"",0FC,FC,Huntington Av.
2805,649,42.33541,-71.101061,,2019-05-14 15:34:17.372445+00,South,0.25,"",4755,1,SINGLE-SPACE,"",0FC,FC,Huntington Av.
2806,651,42.334068,-71.105285,,2019-05-14 15:34:17.372445+00,North,0.25,"",4776,1,SINGLE-SPACE,"",0FC,FC,Huntington Av.
2807,653,42.333715,-71.10588,,2019-05-14 15:34:17.372445+00,North,0.25,"",4781,1,SINGLE-SPACE,"",0FC,FC,Huntington Av.
2808,655,42.333644,-71.105697,,2019-05-14 15:34:17.372445+00,South,0.25,"",4788,1,SINGLE-SPACE,"",0FC,FC,Huntington Av.
2809,656,42.338439,-71.0928,,2019-05-14 15:34:17.372445+00,South,0.25,"",4792,1,SINGLE-SPACE,"",0FC,FC,Parker St.
2810,657,42.337178,-71.093423,,2019-05-14 15:34:17.372445+00,South,0.25,"",4822,1,SINGLE-SPACE,"",0FC,FC,Parker St.
2811,659,42.338301,-71.10826,,2019-05-14 15:34:17.372445+00,North,0.25,"",4842,1,SINGLE-SPACE,"",0FD,FD,Joslin Pl.
2812,663,42.337904,-71.10847,,2019-05-14 15:34:17.372445+00,West,0.25,"",4850,1,SINGLE-SPACE,663,0FD,FD,Brookline Av.
2813,671,42.345208,-71.095699,,2019-05-14 15:34:17.372445+00,South,0.25,"",4905,1,SINGLE-SPACE,"",0FE,FE,Boylston St.
2814,672,42.344665,-71.097804,,2019-05-14 15:34:17.372445+00,East,0.25,"",4927,1,SINGLE-SPACE,"",0FE,FE,Yawkey Wy.
2815,673,42.345318,-71.098281,,2019-05-14 15:34:17.372445+00,West,0.25,"",4939,1,SINGLE-SPACE,"",0FE,FE,Yawkey Wy.
2816,674,42.344705,-71.097992,,2019-05-14 15:34:17.372445+00,West,0.25,"",4946,1,SINGLE-SPACE,"",0FE,FE,Yawkey Wy.
2817,675,42.344571,-71.098014,,2019-05-14 15:34:17.372445+00,North,0.25,"",4947,1,SINGLE-SPACE,"",0FE,FE,Boylston St.
2818,676,42.344542,-71.09813,,2019-05-14 15:34:17.372445+00,North,0.25,"",4948,1,SINGLE-SPACE,"",0FE,FE,Boylston St.
2819,680,42.344601,-71.101212,,2019-05-14 15:34:17.372445+00,South,0.25,"",4975,1,SINGLE-SPACE,"",0FE,FE,Brookline Av.
2820,681,42.345148,-71.100595,,2019-05-14 15:34:17.372445+00,South,0.25,"",4980,1,SINGLE-SPACE,"",0FE,FE,Brookline Av.
2821,970,42.345186,-71.099174,,2019-05-14 15:34:17.372445+00,North,0.25,"",5003,1,SINGLE-SPACE,"",0FE,FE,Van Ness St.
2822,971,42.344834,-71.100209,,2019-05-14 15:34:17.372445+00,South,0.25,"",5013,1,SINGLE-SPACE,"",0FE,FE,Van Ness St.
2823,972,42.344932,-71.099181,,2019-05-14 15:34:17.372445+00,West,0.25,"",5027,1,SINGLE-SPACE,"",0FE,FE,Ross Way.
2824,978,42.345109,-71.099109,,2019-05-14 15:34:17.372445+00,South,0.25,"",5029,1,SINGLE-SPACE,"",0FE,FE,Van Ness St.
2825,979,42.345407,-71.098001,,2019-05-14 15:34:17.372445+00,South,0.25,"",5039,1,SINGLE-SPACE,"",0FE,FE,Van Ness St.
2826,685,42.347514,-71.102269,,2019-05-14 15:34:17.372445+00,West,0.25,"",5096,1,SINGLE-SPACE,"",0FF,FF,Beacon St.
2827,693,42.347137,-71.104558,,2019-05-14 15:34:17.372445+00,West,0.25,"",5124,1,SINGLE-SPACE,"",0FF,FF,Beacon St.
2828,695,42.347066,-71.10316,,2019-05-14 15:34:17.372445+00,East,0.25,"",5131,1,SINGLE-SPACE,"",0FF,FF,Beacon St.
2829,696,42.347274,-71.102428,,2019-05-14 15:34:17.372445+00,East,0.25,"",5138,1,SINGLE-SPACE,"",0FF,FF,Beacon St.
2830,697,42.347508,-71.101493,,2019-05-14 15:34:17.372445+00,South,0.25,"",5145,1,SINGLE-SPACE,"",0FF,FF,Beacon St.
2831,698,42.348505,-71.097981,,2019-05-14 15:34:17.372445+00,South,0.25,"",5181,1,SINGLE-SPACE,"",0FF,FF,Beacon St.
2832,699,42.347261,-71.098571,,2019-05-14 15:34:17.372445+00,North,0.25,"",5186,1,SINGLE-SPACE,"",0FF,FF,Brookline Av.
2833,700,42.346197,-71.099864,,2019-05-14 15:34:17.372445+00,North,0.25,"",5200,1,SINGLE-SPACE,"",0FF,FF,Overland St.
2834,702,42.346014,-71.099906,,2019-05-14 15:34:17.372445+00,West,0.25,"",5224,1,SINGLE-SPACE,702,0FF,FF,Brookline Av.
2835,704,42.345405,-71.100521,,2019-05-14 15:34:17.372445+00,West,0.25,"",5232,1,SINGLE-SPACE,"",0FF,FF,Brookline Av.
2836,705,42.351841,-71.125357,,2019-05-14 15:34:17.372445+00,West,0.25,"",5235,1,SINGLE-SPACE,"",0GC,GC,Commonwealth Av.
2837,706,42.350811,-71.127341,,2019-05-14 15:34:17.372445+00,West,0.25,"",5258,1,SINGLE-SPACE,"",0GC,GC,Commonwealth Av.
2838,707,42.350814,-71.130039,,2019-05-14 15:34:17.372445+00,West,0.25,"",5267,1,SINGLE-SPACE,"",0GC,GC,Commonwealth Av.
2839,709,42.350512,-71.131171,,2019-05-14 15:34:17.372445+00,West,0.25,"",5279,1,SINGLE-SPACE,"",0GC,GC,Commonwealth Av.
2840,710,42.348185,-71.1349,,2019-05-14 15:34:17.372445+00,East,0.25,"",5303,1,SINGLE-SPACE,"",0GC,GC,Commonwealth Av.
2841,711,42.348714,-71.134061,,2019-05-14 15:34:17.372445+00,West,0.25,"",5317,1,SINGLE-SPACE,712,0GC,GC,Commonwealth Av.
2842,714,42.349229,-71.132993,,2019-05-14 15:34:17.372445+00,West,0.25,"",5339,1,SINGLE-SPACE,"",0GD,GD,Commonwealth Av.
2843,715,42.349797,-71.131519,,2019-05-14 15:34:17.372445+00,East,0.25,"",5387,1,SINGLE-SPACE,"",0GD,GD,Commonwealth Av.
2844,716,42.350024,-71.13072,,2019-05-14 15:34:17.372445+00,North,0.25,"",5398,1,SINGLE-SPACE,"",0GD,GD,Harvard Av.
2845,718,42.349106,-71.130028,,2019-05-14 15:34:17.372445+00,North,0.25,"",5414,1,SINGLE-SPACE,"",0GD,GD,Harvard Av.
2846,719,42.349221,-71.130149,,2019-05-14 15:34:17.372445+00,South,0.25,"",5420,1,SINGLE-SPACE,"",0GD,GD,Harvard Av.
2847,720,42.350144,-71.130791,,2019-05-14 15:34:17.372445+00,East,0.25,"",5433,1,SINGLE-SPACE,"",0GD,GD,Commonwealth Av.
2848,721,42.35038,-71.128777,,2019-05-14 15:34:17.372445+00,East,0.25,"",5474,1,SINGLE-SPACE,"",0GD,GD,Commonwealth Av.
2849,723,42.337784,-71.153092,,2019-05-14 15:34:17.372445+00,North,0.25,"",5513,1,SINGLE-SPACE,"",0GE,GE,Chestnut Hill Av.
2850,725,42.335838,-71.150813,,2019-05-14 15:34:17.372445+00,North,0.25,"",5551,1,SINGLE-SPACE,"",0GE,GE,Chestnut Hill Av.
2851,728,42.33639,-71.148693,,2019-05-14 15:34:17.372445+00,East,0.25,"",5585,1,SINGLE-SPACE,"",0GE,GE,Beacon St.
2852,729,42.336492,-71.148776,,2019-05-14 15:34:17.372445+00,West,0.25,"",5607,1,SINGLE-SPACE,"",0GE,GE,Beacon St.
2853,731,42.336129,-71.150453,,2019-05-14 15:34:17.372445+00,East,0.25,"",5634,1,SINGLE-SPACE,"",0GE,GE,Beacon St.
2854,732,42.336294,-71.150694,,2019-05-14 15:34:17.372445+00,East,0.25,"",5641,1,SINGLE-SPACE,"",0GE,GE,Beacon St.
2855,733,42.335934,-71.15012,,2019-05-14 15:34:17.372445+00,West,0.25,"",5645,1,SINGLE-SPACE,"",0GE,GE,Beacon St.
2856,734,42.336298,-71.151137,,2019-05-14 15:34:17.372445+00,South,0.25,"",5651,1,SINGLE-SPACE,"",0GE,GE,Chestnut Hill Av.
2857,737,42.334919,-71.075284,,2019-05-14 15:34:17.372445+00,West,0.25,"",5680,1,SINGLE-SPACE,"",0HA,HA,Harrison Av.
2858,739,42.335957,-71.070214,,2019-05-14 15:34:17.372445+00,South,0.25,"",5692,1,SINGLE-SPACE,"",0HA,HA,East Newton.
2859,742,42.335995,-71.069873,,2019-05-14 15:34:17.372445+00,East,0.25,"",5738,1,SINGLE-SPACE,"",0HA,HA,Albany St.
2860,743,42.338094,-71.066912,,2019-05-14 15:34:17.372445+00,East,0.25,"",5768,1,SINGLE-SPACE,"",0HA,HA,Albany St.
2861,745,42.340169,-71.064317,,2019-05-14 15:34:17.372445+00,West,0.25,"",5782,1,SINGLE-SPACE,"",0HA,HA,Albany St.
2862,746,42.339554,-71.065131,,2019-05-14 15:34:17.372445+00,West,0.25,"",5791,1,SINGLE-SPACE,"",0HA,HA,Albany St.
2863,747,42.339063,-71.065784,,2019-05-14 15:34:17.372445+00,West,0.25,"",5797,1,SINGLE-SPACE,"",0HA,HA,Albany St.
2864,989,42.338157,-71.067064,,2019-05-14 15:34:17.372445+00,West,0.25,"",5807,1,SINGLE-SPACE,"",0HA,HA,Albany St.
2865,748,42.338051,-71.067192,,2019-05-14 15:34:17.372445+00,West,0.25,"",5812,1,SINGLE-SPACE,"",0HA,HA,Albany St.
2866,749,42.337151,-71.068474,,2019-05-14 15:34:17.372445+00,West,0.25,"",5818,1,SINGLE-SPACE,"",0HA,HA,Albany St.
2867,751,42.336626,-71.069231,,2019-05-14 15:34:17.372445+00,West,0.25,"",5825,1,SINGLE-SPACE,"",0HA,HA,Albany St.
2868,752,42.335442,-71.070886,,2019-05-14 15:34:17.372445+00,West,0.25,"",5829,1,SINGLE-SPACE,"",0HA,HA,Albany St.
2869,753,42.338288,-71.071068,,2019-05-14 15:34:17.372445+00,North,0.25,"",5834,1,SINGLE-SPACE,"",0HB,HB,Harrison Av.
2870,754,42.337359,-71.072223,,2019-05-14 15:34:17.372445+00,North,0.25,"",5850,1,SINGLE-SPACE,"",0HB,HB,Harrison Av.
2871,755,42.336465,-71.073338,,2019-05-14 15:34:17.372445+00,West,0.25,"",5865,1,SINGLE-SPACE,"",0HB,HB,Harrison Av.
2872,758,42.335578,-71.074247,,2019-05-14 15:34:17.372445+00,East,0.25,"",5879,1,SINGLE-SPACE,"",0HB,HB,Harrison Av.
2873,760,42.336381,-71.073227,,2019-05-14 15:34:17.372445+00,West,0.25,"",5896,1,SINGLE-SPACE,"",0HB,HB,E Concord St.
2874,761,42.33643,-71.073104,,2019-05-14 15:34:17.372445+00,East,0.25,"",5907,1,SINGLE-SPACE,"",0HB,HB,E Concord St.
2875,763,42.336492,-71.073102,,2019-05-14 15:34:17.372445+00,East,0.25,"",5928,1,SINGLE-SPACE,"",0HB,HB,Harrison Av.
2876,764,42.337629,-71.071708,,2019-05-14 15:34:17.372445+00,East,0.25,"",5946,1,SINGLE-SPACE,"",0HB,HB,Harrison Av.
2877,767,42.338367,-71.070814,,2019-05-14 15:34:17.372445+00,East,0.25,"",5954,1,SINGLE-SPACE,"",0HB,HB,Harrison Av.
2878,768,42.33881,-71.070214,,2019-05-14 15:34:17.372445+00,East,0.25,"",5962,1,SINGLE-SPACE,"",0HC,HC,Harrison Av.
2879,770,42.339432,-71.066112,,2019-05-14 15:34:17.372445+00,North,0.25,"",5972,1,SINGLE-SPACE,"",0HC,HC,Malden St.
2880,772,42.340029,-71.068304,,2019-05-14 15:34:17.372445+00,North,0.25,"",5990,1,SINGLE-SPACE,"",0HC,HC,Wareham St.
2881,774,42.338208,-71.06719,,2019-05-14 15:34:17.372445+00,North,0.25,"",6007,1,SINGLE-SPACE,"",0HC,HC,Plympton St.
2882,775,42.338266,-71.067437,,2019-05-14 15:34:17.372445+00,South,0.25,"",6009,1,SINGLE-SPACE,"",0HC,HC,Plympton St.
2883,777,42.339198,-71.069648,,2019-05-14 15:34:17.372445+00,South,0.25,"",6020,1,SINGLE-SPACE,"",0HC,HC,E Dedham St.
2884,779,42.337417,-71.068556,,2019-05-14 15:34:17.372445+00,North,0.25,"",6056,1,SINGLE-SPACE,"",0HC,HC,E Canton St.
2885,786,42.349373,-71.095123,,2019-05-14 15:34:17.372445+00,North,0.25,"",6097,1,SINGLE-SPACE,"",0KA,KA,Beacon St.
2886,787,42.349061,-71.096423,,2019-05-14 15:34:17.372445+00,North,0.25,"",6100,1,SINGLE-SPACE,"",0KA,KA,Commonwealth Av.
2887,789,42.349161,-71.097106,,2019-05-14 15:34:17.372445+00,East,0.25,"",6106,1,SINGLE-SPACE,"",0KA,KA,Deerfield St.
2888,792,42.350369,-71.100179,,2019-05-14 15:34:17.372445+00,North,0.25,"",6157,1,SINGLE-SPACE,"",0KA,KA,Bay State Rd.
2889,793,42.350339,-71.099759,,2019-05-14 15:34:17.372445+00,North,0.25,"",6162,1,SINGLE-SPACE,"",0KA,KA,Bay State Rd.
2890,795,42.350215,-71.0978,,2019-05-14 15:34:17.372445+00,West,0.25,"",6186,1,SINGLE-SPACE,"",0KA,KA,Deerfield St.
2891,796,42.350444,-71.097688,,2019-05-14 15:34:17.372445+00,East,0.25,"",6190,1,SINGLE-SPACE,"",0KA,KA,Deerfield St.
2892,798,42.350141,-71.097346,,2019-05-14 15:34:17.372445+00,North,0.25,"",6196,1,SINGLE-SPACE,"",0KA,KA,Bay State Rd.
2893,799,42.350042,-71.095368,,2019-05-14 15:34:17.372445+00,West,0.25,"",6219,1,SINGLE-SPACE,"",0KA,KA,Raleigh St.
2894,800,42.350355,-71.095336,,2019-05-14 15:34:17.372445+00,West,0.25,"",6224,1,SINGLE-SPACE,"",0KA,KA,Raleigh St.
2895,801,42.350351,-71.095215,,2019-05-14 15:34:17.372445+00,East,0.25,"",6225,1,SINGLE-SPACE,"",0KA,KA,Raleigh St.
2896,802,42.34999,-71.095215,,2019-05-14 15:34:17.372445+00,North,0.25,"",6231,1,SINGLE-SPACE,"",0KA,KA,Bay State Rd.
2897,803,42.349442,-71.10048,,2019-05-14 15:34:17.372445+00,East,0.25,"",6247,1,SINGLE-SPACE,"",0KB,KB,Silber Wy.
2898,804,42.350345,-71.100297,,2019-05-14 15:34:17.372445+00,East,0.25,"",6256,1,SINGLE-SPACE,"",0KB,KB,Silber Wy.
2899,805,42.350473,-71.10027,,2019-05-14 15:34:17.372445+00,East,0.25,"",6258,1,SINGLE-SPACE,"",0KB,KB,Silber Wy.
2900,806,42.350537,-71.100257,,2019-05-14 15:34:17.372445+00,East,0.25,"",6259,1,SINGLE-SPACE,"",0KB,KB,Silber Wy.
2901,807,42.350243,-71.100446,,2019-05-14 15:34:17.372445+00,West,0.25,"",6268,1,SINGLE-SPACE,"",0KB,KB,Silber Wy.
2902,808,42.350383,-71.100502,,2019-05-14 15:34:17.372445+00,North,0.25,"",6278,1,SINGLE-SPACE,"",0KB,KB,Bay State Rd.
2903,809,42.350595,-71.102687,,2019-05-14 15:34:17.372445+00,North,0.25,"",6305,1,SINGLE-SPACE,"",0KB,KB,Bay State Rd.
2904,810,42.350681,-71.103356,,2019-05-14 15:34:17.372445+00,East,0.25,"",6313,1,SINGLE-SPACE,"",0KB,KB,Granby St.
2905,811,42.350886,-71.103453,,2019-05-14 15:34:17.372445+00,West,0.25,"",6317,1,SINGLE-SPACE,"",0KB,KB,Granby St.
2906,812,42.350478,-71.103535,,2019-05-14 15:34:17.372445+00,West,0.25,"",6321,1,SINGLE-SPACE,"",0KB,KB,Granby St.
2907,813,42.349914,-71.103512,,2019-05-14 15:34:17.372445+00,East,0.25,"",6333,1,SINGLE-SPACE,"",0KB,KB,Granby St.
2908,814,42.350512,-71.103289,,2019-05-14 15:34:17.372445+00,South,0.25,"",6343,1,SINGLE-SPACE,"",0KB,KB,Bay State Rd.
2909,844,42.349664,-71.102305,,2019-05-14 15:34:17.372445+00,North,0.25,"",6394,1,SINGLE-SPACE,"",0KB,KB,Commonwealth Av.
2910,817,42.350014,-71.104898,,2019-05-14 15:34:17.372445+00,North,0.25,"",6411,1,SINGLE-SPACE,817,"","",Commonwealth Av.
2911,818,42.350137,-71.108964,,2019-05-14 15:34:17.372445+00,South,0.25,"",6420,1,SINGLE-SPACE,"",0KB,KB,Commonwealth Av.
2912,819,42.349837,-71.1064,,2019-05-14 15:34:17.372445+00,North,0.25,"",6430,1,SINGLE-SPACE,"",0KB,KB,Commonwealth Av.
2913,820,42.349769,-71.105891,,2019-05-14 15:34:17.372445+00,North,0.25,"",6435,1,SINGLE-SPACE,"",0KB,KB,Commonwealth Av.
2914,822,42.348016,-71.093319,,2019-05-14 15:34:17.372445+00,South,0.25,"",6439,1,SINGLE-SPACE,"",0KC,KC,Newbury St Ext.
2915,824,42.348703,-71.096808,,2019-05-14 15:34:17.372445+00,South,0.25,"",6497,1,SINGLE-SPACE,"",0KC,KC,Commonwealth Av.
2916,825,42.348712,-71.096368,,2019-05-14 15:34:17.372445+00,South,0.25,"",6502,1,SINGLE-SPACE,"",0KC,KC,Commonwealth Av.
2917,826,42.348753,-71.094603,,2019-05-14 15:34:17.372445+00,South,0.25,"",6511,1,SINGLE-SPACE,"",0KC,KC,Commonwealth Av.
2918,827,42.349218,-71.093065,,2019-05-14 15:34:17.372445+00,North,0.25,"",6530,1,SINGLE-SPACE,"",0KC,KC,Commonwealth Av.
2919,828,42.349514,-71.094115,,2019-05-14 15:34:17.372445+00,South,0.25,"",6553,1,SINGLE-SPACE,"",0KC,KC,Beacon St.
2920,829,42.349717,-71.093384,,2019-05-14 15:34:17.372445+00,South,0.25,"",6562,1,SINGLE-SPACE,"",0KC,KC,Beacon St.
2921,831,42.349117,-71.097689,,2019-05-14 15:34:17.372445+00,North,0.25,"",6568,1,SINGLE-SPACE,"",0KC,KC,Commonwealth Av.
2922,832,42.34939,-71.100141,,2019-05-14 15:34:17.372445+00,North,0.25,"",6588,1,SINGLE-SPACE,"",0KC,KC,Commonwealth Av.
2923,837,42.350773,-71.111211,,2019-05-14 15:34:17.372445+00,North,0.25,"",6597,1,SINGLE-SPACE,"",0KD,KD,Commonwealth Av.
2924,839,42.351291,-71.116033,,2019-05-14 15:34:17.372445+00,North,0.25,"",6645,1,SINGLE-SPACE,"",0KD,KD,Commonwealth Av.
2925,841,42.352124,-71.118471,,2019-05-14 15:34:17.372445+00,West,0.25,"",6672,1,SINGLE-SPACE,"",0KD,KD,Harry Agganis Wy.
2926,842,42.351763,-71.118664,,2019-05-14 15:34:17.372445+00,North,0.25,"",6680,1,SINGLE-SPACE,"",0KD,KD,Commonwealth Av.
2927,851,42.351559,-71.124927,,2019-05-14 15:34:17.372445+00,South,0.25,"",6734,1,SINGLE-SPACE,"",0KE,KE,Commonwealth Av.
2928,852,42.351389,-71.122603,,2019-05-14 15:34:17.372445+00,South,0.25,"",6754,1,SINGLE-SPACE,"",0KE,KE,Commonwealth Av.
2929,853,42.351744,-71.122262,,2019-05-14 15:34:17.372445+00,South,0.25,"",6765,1,SINGLE-SPACE,"",0KE,KE,Commonwealth Av.
2930,854,42.351249,-71.120499,,2019-05-14 15:34:17.372445+00,South,0.25,"",6776,1,SINGLE-SPACE,"",0KE,KE,Commonwealth Av.
2931,858,42.350982,-71.115873,,2019-05-14 15:34:17.372445+00,South,0.25,"",6811,1,SINGLE-SPACE,"",0KE,KE,Commonwealth Av.
2932,860,42.352348,-71.125099,,2019-05-14 15:34:17.372445+00,East,0.25,"",6827,1,SINGLE-SPACE,"",0KE,KE,Malvern St.
2933,861,42.353512,-71.124844,,2019-05-14 15:34:17.372445+00,East,0.25,"",6838,1,SINGLE-SPACE,"",0KE,KE,Malvern St.
2934,862,42.354214,-71.124601,,2019-05-14 15:34:17.372445+00,South,0.25,"",6852,1,SINGLE-SPACE,"",0KE,KE,Ashford St.
2935,865,42.352996,-71.121426,,2019-05-14 15:34:17.372445+00,North,0.25,"",6888,1,SINGLE-SPACE,"",0KE,KE,Gardner St.
2936,867,42.353771,-71.122887,,2019-05-14 15:34:17.372445+00,East,0.25,"",6906,1,SINGLE-SPACE,"",0KE,KE,Alcorn St.
2937,868,42.353312,-71.124135,,2019-05-14 15:34:17.372445+00,North,0.25,"",6915,1,SINGLE-SPACE,"",0KE,KE,Gardner St.
2938,869,42.352987,-71.122202,,2019-05-14 15:34:17.372445+00,South,0.25,"",6926,1,SINGLE-SPACE,"",0KE,KE,Gardner St.
2939,833,42.350601,-71.112668,,2019-05-14 15:34:17.372445+00,South,0.25,"",6944,1,SINGLE-SPACE,"",0KD,KE,Commonwealth Av.
